Coffret	Ref. piece	Intitule piece	Qte / coffret	Actif
ASBNEP1101	PMFONDV250001	FOND V5 250X250	1	OUI
ASBNEP1101	PMCAP250	CAPOT 250 POUR CSMART/START	1	OUI
ASBNEP1101	PMPO250	PORTE 250 ABS V0	1	OUI
ASBNEP1101	PMDC001	DEMI CHARNIERE POUR PORTE	2	OUI
ASBNEP1101	PMLOGOEM	ROND DECO SANS LOGO	1	OUI
ASBNEP1101	PMVIS001	VIS POUR CAPOT CSTART/SMART	4	OUI
ASBNEP1101	PMADH30001	ADAPTATEUR H30 POUR BANDEAU	2	OUI
ASBNEP1101	PMADH42001	ADAPTATEUR H42 POUR BANDEAU	2	OUI
ASBNEP1101	PMBAND10K001	BANDEAU POUR 10RJ KEYSTONE	1	OUI
ASBNEP1101	PMRAILDIN001	RAIL DIN 250	1	OUI
ASBNEP1101	BMT	BORNIER  MISE A LA TERRE	1	OUI
ASBNEP1101	33389	VIS AF PLAST 30° CBX ZN	2	OUI
ASBNEP1101	AXI111345	DTI CAE 3 RJ45/1RJ11	1	OUI
ASBNEP1101	ECONN5ENB8	CONN RJ45 CAT5E NON BLINDE	4	OUI
ASBNEP1101	S3WN	REPARTITEUR 3 DIRECTION	1	OUI
ASBNEP1101	EMBCTART250		1	OUI
ASBNEP1101	POLYBECON1	POLYBAG CONNECTEUR ECONN	4	OUI
ASBNEP1101	SLEEVCOF250G1	SLEEVE250 G1	1	OUI
ASBNEP1201	PMFONDV250001	FOND V5 250X250	1	OUI
ASBNEP1201	PMCAP250	CAPOT 250 POUR CSMART/START	1	OUI
ASBNEP1201	PMPO250	PORTE 250 ABS V0	1	OUI
ASBNEP1201	PMDC001	DEMI CHARNIERE POUR PORTE	2	OUI
ASBNEP1201	PMLOGOEM	ROND DECO SANS LOGO	1	OUI
ASBNEP1201	PMVIS001	VIS POUR CAPOT CSTART/SMART	4	OUI
ASBNEP1201	PMADH30001	ADAPTATEUR H30 POUR BANDEAU	2	OUI
ASBNEP1201	PMADH42001	ADAPTATEUR H42 POUR BANDEAU	2	OUI
ASBNEP1201	PFGMMK001	GRILLE DE MASSE	1	OUI
ASBNEP1201	PMRAILDIN001	RAIL DIN 250	1	OUI
ASBNEP1201	PMMK001	SUPPORT HNI	1	OUI
ASBNEP1201	RZ148	RACCORD F FEMELLE/FEMELLE	1	OUI
ASBNEP1201	BMT	BORNIER  MISE A LA TERRE	1	OUI
ASBNEP1201	FFH3529	STRAPP DE MISE A LA TERRE	1	OUI
ASBNEP1201	AXI111345	DTI CAE 3 RJ45/1RJ11	1	OUI
ASBNEP1201	ECONN6AFS8	CONNECTEUR RJ45 CAT6A GRADE 3T	4	OUI
ASBNEP1201	CORDBALRJF040C	CORDON BALUN RJ45 FICHE F COUD	1	OUI
ASBNEP1201	EMBCTART250		1	OUI
ASBNEP1201	POLYBECON1	POLYBAG CONNECTEUR ECONN	4	OUI
ASBNEP1201	SLEEVCOF250G3	SLEEVE 250 G3	1	OUI
PCST375	PMPO375	PORTE 375 ABS V0	1	OUI
PCST375	PMDC001	DEMI CHARNIERE POUR PORTE	2	OUI
PCST375	PMLOGAT001	ROND DECO AVEC LOGO @	1	OUI
PCST375	EMBCSTART250375	EMBALLAGE CSTART 375	1	OUI
PSCT250	PMPO250	PORTE 250 ABS V0	1	OUI
PSCT250	PMDC001	DEMI CHARNIERE POUR PORTE	2	OUI
PSCT250	PMLOGAT001	ROND DECO AVEC LOGO @	1	OUI
PSCT250	EMBCSTART250375	EMBALLAGE CSTART 375	1	OUI
ASBNEP1301	PMFONDV375001	FOND V5 375 + PIECE CAVALIER	1	OUI
ASBNEP1301	PMCAP375	CAPOT 375 POUR CSMART/START	1	OUI
ASBNEP1301	PMPO375	PORTE 375 ABS V0	1	OUI
ASBNEP1301	PMDC001	DEMI CHARNIERE POUR PORTE	2	OUI
ASBNEP1301	PMLOGOEM	ROND DECO SANS LOGO	1	OUI
ASBNEP1301	PMVIS001	VIS POUR CAPOT CSTART/SMART	4	OUI
ASBNEP1301	PMADH30001	ADAPTATEUR H30 POUR BANDEAU	2	OUI
ASBNEP1301	PMADH42001	ADAPTATEUR H42 POUR BANDEAU	2	OUI
ASBNEP1301	PMBAND10K001	BANDEAU POUR 10RJ KEYSTONE	1	OUI
ASBNEP1301	PFGMMK001	GRILLE DE MASSE	1	OUI
ASBNEP1301	PMRAILDIN001	RAIL DIN 250	1	OUI
ASBNEP1301	PMMK001	SUPPORT HNI	1	OUI
ASBNEP1301	RZ148	RACCORD F FEMELLE/FEMELLE	1	OUI
ASBNEP1301	BMT	BORNIER  MISE A LA TERRE	1	OUI
ASBNEP1301	FFH3529	STRAPP DE MISE A LA TERRE	1	OUI
ASBNEP1301	PMBAND3PC001	BANDEAU POUR 3PC 45/45	1	OUI
ASBNEP1301	H26001	OBTURATEUR  45X45mm	2	OUI
ASBNEP1301	HPCF001	PRISE 2P+T Ŕ CONNEXION RAPIDE	1	OUI
ASBNEP1301	AXI111345	DTI CAE 3 RJ45/1RJ11	1	OUI
ASBNEP1301	ECONN6AFS8	CONNECTEUR RJ45 CAT6A GRADE 3T	4	OUI
ASBNEP1301	CORDBALRJF040C	CORDON BALUN RJ45 FICHE F COUD	1	OUI
ASBNEP1301	POLYBECON1	POLYBAG CONNECTEUR ECONN	4	OUI
ASBNEP1301	SLEEVCOF375G3	SLEEVE 375 G3	1	OUI
ASBNEP1401	PMFONDV250001	FOND V5 250X250	1	OUI
ASBNEP1401	PMFONDV375001	FOND V5 375 + PIECE CAVALIER	1	OUI
ASBNEP1401	PMCAP250	CAPOT 250 POUR CSMART/START	1	OUI
ASBNEP1401	PMPO250	PORTE 250 ABS V0	1	OUI
ASBNEP1401	PMDC001	DEMI CHARNIERE POUR PORTE	2	OUI
ASBNEP1401	PMLOGOEM	ROND DECO SANS LOGO	1	OUI
ASBNEP1401	PMETAG001	ETAGERE POUR COFFRET	1	OUI
ASBNEP1401	PMVIS001	VIS POUR CAPOT CSTART/SMART	6	OUI
ASBNEP1401	PMADH30001	ADAPTATEUR H30 POUR BANDEAU	2	OUI
ASBNEP1401	PMADH42001	ADAPTATEUR H42 POUR BANDEAU	2	OUI
ASBNEP1401	PMBAND10K001	BANDEAU POUR 10RJ KEYSTONE	1	OUI
ASBNEP1401	PFGMMK001	GRILLE DE MASSE	1	OUI
ASBNEP1401	PMRAILDIN001	RAIL DIN 250	1	OUI
ASBNEP1401	PMMK001	SUPPORT HNI	1	OUI
ASBNEP1401	RZ148	RACCORD F FEMELLE/FEMELLE	1	OUI
ASBNEP1401	BMT	BORNIER  MISE A LA TERRE	1	OUI
ASBNEP1401	FFH3529	STRAPP DE MISE A LA TERRE	1	OUI
ASBNEP1401	33389	VIS AF PLAST 30° CBX ZN	2	OUI
ASBNEP1401	PMBAND3PC001	BANDEAU POUR 3PC 45/45	1	OUI
ASBNEP1401	H26001	OBTURATEUR  45X45mm	2	OUI
ASBNEP1401	HPCF001	PRISE 2P+T Ŕ CONNEXION RAPIDE	1	OUI
ASBNEP1401	AXI111345	DTI CAE 3 RJ45/1RJ11	1	OUI
ASBNEP1401	ECONN6AFS8	CONNECTEUR RJ45 CAT6A GRADE 3T	8	OUI
ASBNEP1401	CORDBALRJF040C	CORDON BALUN RJ45 FICHE F COUD	1	OUI
ASBNEP1401	EMBCSTART625	EMBALLAGE CSTART 625	1	OUI
ASBNEP1401	SLEEVCOF625G3	SLEEVE 625	1	OUI
AXIZA	PMFONDV375001	FOND V5 375 + PIECE CAVALIER	1	OUI
AXIZA	PMBAND3PC001	BANDEAU POUR 3PC 45/45	1	OUI
AXIZA	H26001	OBTURATEUR  45X45mm	2	OUI
AXIZA	HPCF001	PRISE 2P+T Ŕ CONNEXION RAPIDE	1	OUI
CST250G3SNIE	PMFONDV250001	FOND V5 250X250	1	OUI
CST250G3SNIE	PMCAP250	CAPOT 250 POUR CSMART/START	1	OUI
CST250G3SNIE	PMPO250	PORTE 250 ABS V0	1	OUI
CST250G3SNIE	PMDC001	DEMI CHARNIERE POUR PORTE	2	OUI
CST250G3SNIE	PMLOGOEM	ROND DECO SANS LOGO	1	OUI
CST250G3SNIE	PMVIS001	VIS POUR CAPOT CSTART/SMART	4	OUI
CST250G3SNIE	PMADH30001	ADAPTATEUR H30 POUR BANDEAU	2	OUI
CST250G3SNIE	PMADH42001	ADAPTATEUR H42 POUR BANDEAU	2	OUI
CST250G3SNIE	PMBAND10K001	BANDEAU POUR 10RJ KEYSTONE	1	OUI
CST250G3SNIE	PFGMMK001	GRILLE DE MASSE	1	OUI
CST250G3SNIE	PMRAILDIN001	RAIL DIN 250	1	OUI
CST250G3SNIE	BMT	BORNIER  MISE A LA TERRE	1	OUI
CST250G3SNIE	FFH3529	STRAPP DE MISE A LA TERRE	1	OUI
CST250G3SNIE	FF6MM	STRAPP DE TERRE 6MM2	1	OUI
CST250G3SNIE	PMPEDTIO	PIECE MOULEE VOLET PORTE	1	OUI
CST250G3SNIE	EENTSNIE	QR CODE NOTICE SNIE	1	OUI
CST250G3SNIE	EEH31000	BANDE ETIQUETTES 120*120	1	OUI
CST250G3SNIE	EECASA	ETIQUETTE CASANOVA CONNECTED	1	OUI
CST250G3SNIE	EESNIE	PASTILLE SNIE POUR TRI	1	OUI
CST250IP	CORDFFMALE040	CORDON F MALE / F MALE 40CM	1	OUI
CST250IP	02SP12	BOITE EMBALLAGE KIT* DOM	1	OUI
CST250IP	257556		1	OUI
CST250THD	PMFONDV250001	FOND V5 250X250	1	OUI
CST250THD	PMCAP250	CAPOT 250 POUR CSMART/START	1	OUI
CST250THD	PMPO250	PORTE 250 ABS V0	1	OUI
CST250THD	PMDC001	DEMI CHARNIERE POUR PORTE	2	OUI
CST250THD	PMLOGAT001	ROND DECO AVEC LOGO @	1	OUI
CST250THD	PMVIS001	VIS POUR CAPOT CSTART/SMART	4	OUI
CST250THD	PMADH30001	ADAPTATEUR H30 POUR BANDEAU	2	OUI
CST250THD	PMADH42001	ADAPTATEUR H42 POUR BANDEAU	2	OUI
CST250THD	PMBAND10K001	BANDEAU POUR 10RJ KEYSTONE	1	OUI
CST250THD	PFGMMK001	GRILLE DE MASSE	1	OUI
CST250THD	PMRAILDIN001	RAIL DIN 250	1	OUI
CST250THD	PMMK001	SUPPORT HNI	1	OUI
CST250THD	RZ148	RACCORD F FEMELLE/FEMELLE	1	OUI
CST250THD	BMT	BORNIER  MISE A LA TERRE	1	OUI
CST250THD	FFH3529	STRAPP DE MISE A LA TERRE	1	OUI
CST250THD	PMPEDTIO	PIECE MOULEE VOLET PORTE	1	OUI
CST250THD	H66445RJ11MRC	DTI  1 RJ45/1RJ11	1	OUI
CST250THD	ECONN6AFS8	CONNECTEUR RJ45 CAT6A GRADE 3T	4	OUI
CST250THD	H66203C	REPARTITEUR 3 DIRECTION CAPUCHON	1	OUI
CST250THD	EMBCTART250		1	OUI
CST250THD	EECASA	ETIQUETTE CASANOVA CONNECTED	1	OUI
CST250THDPSD	PMFONDV250001	FOND V5 250X250	1	OUI
CST250THDPSD	PMCAP250	CAPOT 250 POUR CSMART/START	1	OUI
CST250THDPSD	PMPO250	PORTE 250 ABS V0	1	OUI
CST250THDPSD	PMDC001	DEMI CHARNIERE POUR PORTE	2	OUI
CST250THDPSD	PMLOGAT001	ROND DECO AVEC LOGO @	1	OUI
CST250THDPSD	PMVIS001	VIS POUR CAPOT CSTART/SMART	4	OUI
CST250THDPSD	PMADH30001	ADAPTATEUR H30 POUR BANDEAU	2	OUI
CST250THDPSD	PMADH42001	ADAPTATEUR H42 POUR BANDEAU	2	OUI
CST250THDPSD	PMBAND10K001	BANDEAU POUR 10RJ KEYSTONE	1	OUI
CST250THDPSD	PFGMMK001	GRILLE DE MASSE	1	OUI
CST250THDPSD	PMRAILDIN001	RAIL DIN 250	1	OUI
CST250THDPSD	PMMK001	SUPPORT HNI	2	OUI
CST250THDPSD	RZ148	RACCORD F FEMELLE/FEMELLE	1	OUI
CST250THDPSD	BMT	BORNIER  MISE A LA TERRE	1	OUI
CST250THDPSD	FFH3529	STRAPP DE MISE A LA TERRE	1	OUI
CST250THDPSD	PMPEDTIO	PIECE MOULEE VOLET PORTE	1	OUI
CST250THDPSD	ECONN6AFS8	CONNECTEUR RJ45 CAT6A GRADE 3T	4	OUI
CST250THDPSD	H66203C	REPARTITEUR 3 DIRECTION CAPUCHON	1	OUI
CST250THDPSD	H59040FRJ45	CORDON DE BRASSAGE TV BAL 040	1	OUI
CST250THDPSD	EMBCTART250		1	OUI
CST250THDPSD	EECASA	ETIQUETTE CASANOVA CONNECTED	1	OUI
CST250THDSDSP	PMFONDV250001	FOND V5 250X250	1	OUI
CST250THDSDSP	PMCAP250	CAPOT 250 POUR CSMART/START	1	OUI
CST250THDSDSP	PMVIS001	VIS POUR CAPOT CSTART/SMART	4	OUI
CST250THDSDSP	PMADH30001	ADAPTATEUR H30 POUR BANDEAU	2	OUI
CST250THDSDSP	PMADH42001	ADAPTATEUR H42 POUR BANDEAU	2	OUI
CST250THDSDSP	PMBAND10K001	BANDEAU POUR 10RJ KEYSTONE	1	OUI
CST250THDSDSP	PFGMMK001	GRILLE DE MASSE	1	OUI
CST250THDSDSP	PMRAILDIN001	RAIL DIN 250	1	OUI
CST250THDSDSP	PMMK001	SUPPORT HNI	2	OUI
CST250THDSDSP	RZ148	RACCORD F FEMELLE/FEMELLE	1	OUI
CST250THDSDSP	BMT	BORNIER  MISE A LA TERRE	1	OUI
CST250THDSDSP	FFH3529	STRAPP DE MISE A LA TERRE	1	OUI
CST250THDSDSP	PMPEDTIO	PIECE MOULEE VOLET PORTE	1	OUI
CST250THDSDSP	ECONN6AFS8	CONNECTEUR RJ45 CAT6A GRADE 3T	4	OUI
CST250THDSDSP	H66203C	REPARTITEUR 3 DIRECTION CAPUCHON	1	OUI
CST250THDSDSP	EMBCTART250		1	OUI
CST250THDSDSP	EECASA	ETIQUETTE CASANOVA CONNECTED	1	OUI
CST250THDP	PMFONDV250001	FOND V5 250X250	1	OUI
CST250THDP	PMCAP250	CAPOT 250 POUR CSMART/START	1	OUI
CST250THDP	PMPO250	PORTE 250 ABS V0	1	OUI
CST250THDP	PMDC001	DEMI CHARNIERE POUR PORTE	2	OUI
CST250THDP	PMLOGAT001	ROND DECO AVEC LOGO @	1	OUI
CST250THDP	PMVIS001	VIS POUR CAPOT CSTART/SMART	4	OUI
CST250THDP	PMADH30001	ADAPTATEUR H30 POUR BANDEAU	2	OUI
CST250THDP	PMADH42001	ADAPTATEUR H42 POUR BANDEAU	2	OUI
CST250THDP	PMBAND10K001	BANDEAU POUR 10RJ KEYSTONE	1	OUI
CST250THDP	PFGMMK001	GRILLE DE MASSE	1	OUI
CST250THDP	PMRAILDIN001	RAIL DIN 250	1	OUI
CST250THDP	PMMK001	SUPPORT HNI	2	OUI
CST250THDP	RZ148	RACCORD F FEMELLE/FEMELLE	1	OUI
CST250THDP	BMT	BORNIER  MISE A LA TERRE	1	OUI
CST250THDP	FFH3529	STRAPP DE MISE A LA TERRE	1	OUI
CST250THDP	PMPEDTIO	PIECE MOULEE VOLET PORTE	1	OUI
CST250THDP	H66445RJ11MRC	DTI  1 RJ45/1RJ11	1	OUI
CST250THDP	ECONN6AFS8	CONNECTEUR RJ45 CAT6A GRADE 3T	4	OUI
CST250THDP	H66203C	REPARTITEUR 3 DIRECTION CAPUCHON	1	OUI
CST250THDP	CORDBALRJF040C	CORDON BALUN RJ45 FICHE F COUD	1	OUI
CST250THDP	EMBCTART250		1	OUI
CST250THDP	EECASA	ETIQUETTE CASANOVA CONNECTED	1	OUI
CST250THDSB	PMFONDV250001	FOND V5 250X250	1	OUI
CST250THDSB	PMCAP250	CAPOT 250 POUR CSMART/START	1	OUI
CST250THDSB	PMVIS001	VIS POUR CAPOT CSTART/SMART	4	OUI
CST250THDSB	PMADH30001	ADAPTATEUR H30 POUR BANDEAU	2	OUI
CST250THDSB	PMADH42001	ADAPTATEUR H42 POUR BANDEAU	2	OUI
CST250THDSB	PMBAND10K001	BANDEAU POUR 10RJ KEYSTONE	1	OUI
CST250THDSB	PFGMMK001	GRILLE DE MASSE	1	OUI
CST250THDSB	PMRAILDIN001	RAIL DIN 250	1	OUI
CST250THDSB	PMMK001	SUPPORT HNI	2	OUI
CST250THDSB	RZ148	RACCORD F FEMELLE/FEMELLE	1	OUI
CST250THDSB	BMT	BORNIER  MISE A LA TERRE	1	OUI
CST250THDSB	FFH3529	STRAPP DE MISE A LA TERRE	1	OUI
CST250THDSB	PMPEDTIO	PIECE MOULEE VOLET PORTE	1	OUI
CST250THDSB	H66445RJ11MRC	DTI  1 RJ45/1RJ11	1	OUI
CST250THDSB	ECONN6AFS8	CONNECTEUR RJ45 CAT6A GRADE 3T	4	OUI
CST250THDSB	H66203C	REPARTITEUR 3 DIRECTION CAPUCHON	1	OUI
CST250THDSB	EMBCTART250		1	OUI
CST250THDSB	EECASA	ETIQUETTE CASANOVA CONNECTED	1	OUI
CST250THDSD	PMFONDV250001	FOND V5 250X250	1	OUI
CST250THDSD	PMCAP250	CAPOT 250 POUR CSMART/START	1	OUI
CST250THDSD	PMDC001	DEMI CHARNIERE POUR PORTE	2	OUI
CST250THDSD	PMLOGAT001	ROND DECO AVEC LOGO @	1	OUI
CST250THDSD	PMADH30001	ADAPTATEUR H30 POUR BANDEAU	2	OUI
CST250THDSD	PMADH42001	ADAPTATEUR H42 POUR BANDEAU	2	OUI
CST250THDSD	PMBAND10K001	BANDEAU POUR 10RJ KEYSTONE	1	OUI
CST250THDSD	PFGMMK001	GRILLE DE MASSE	1	OUI
CST250THDSD	PMRAILDIN001	RAIL DIN 250	1	OUI
CST250THDSD	PMMK001	SUPPORT HNI	2	OUI
CST250THDSD	RZ148	RACCORD F FEMELLE/FEMELLE	1	OUI
CST250THDSD	BMT	BORNIER  MISE A LA TERRE	1	OUI
CST250THDSD	FFH3529	STRAPP DE MISE A LA TERRE	1	OUI
CST250THDSD	PMPEDTIO	PIECE MOULEE VOLET PORTE	1	OUI
CST250THDSD	33389	VIS AF PLAST 30° CBX ZN	4	OUI
CST250THDSD	ECONN6AFS8	CONNECTEUR RJ45 CAT6A GRADE 3T	4	OUI
CST250THDSD	H66203C	REPARTITEUR 3 DIRECTION CAPUCHON	1	OUI
CST250THDSD	EMBCTART250		1	OUI
CST250THDSD	EECASA	ETIQUETTE CASANOVA CONNECTED	1	OUI
CST375THD	PMFONDV375001	FOND V5 375 + PIECE CAVALIER	1	OUI
CST375THD	PMCAP375	CAPOT 375 POUR CSMART/START	1	OUI
CST375THD	PMVIS001	VIS POUR CAPOT CSTART/SMART	4	OUI
CST375THD	PMADH30001	ADAPTATEUR H30 POUR BANDEAU	2	OUI
CST375THD	PMADH42001	ADAPTATEUR H42 POUR BANDEAU	2	OUI
CST375THD	PMBAND10K001	BANDEAU POUR 10RJ KEYSTONE	1	OUI
CST375THD	PFGMMK001	GRILLE DE MASSE	1	OUI
CST375THD	PMRAILDIN001	RAIL DIN 250	1	OUI
CST375THD	PMMK001	SUPPORT HNI	2	OUI
CST375THD	RZ148	RACCORD F FEMELLE/FEMELLE	1	OUI
CST375THD	BMT	BORNIER  MISE A LA TERRE	1	OUI
CST375THD	FFH3529	STRAPP DE MISE A LA TERRE	1	OUI
CST375THD	PMPEDTIO	PIECE MOULEE VOLET PORTE	1	OUI
CST375THD	PMBAND3PC001	BANDEAU POUR 3PC 45/45	1	OUI
CST375THD	H26001	OBTURATEUR  45X45mm	2	OUI
CST375THD	HPCF001	PRISE 2P+T Ŕ CONNEXION RAPIDE	1	OUI
CST375THD	H66445RJ11MRC	DTI  1 RJ45/1RJ11	1	OUI
CST375THD	ECONN6AFS8	CONNECTEUR RJ45 CAT6A GRADE 3T	4	OUI
CST375THD	H66203C	REPARTITEUR 3 DIRECTION CAPUCHON	1	OUI
CST375THD	CORDBALRJF040C	CORDON BALUN RJ45 FICHE F COUD	1	OUI
CST375THD	EMBCSTART250375	EMBALLAGE CSTART 375	1	OUI
CST375THD	EECASA	ETIQUETTE CASANOVA CONNECTED	1	OUI
CST375THDP	PMFONDV375001	FOND V5 375 + PIECE CAVALIER	1	OUI
CST375THDP	PMCAP375	CAPOT 375 POUR CSMART/START	1	OUI
CST375THDP	PMPO375	PORTE 375 ABS V0	1	OUI
CST375THDP	PMDC001	DEMI CHARNIERE POUR PORTE	2	OUI
CST375THDP	PMLOGAT001	ROND DECO AVEC LOGO @	1	OUI
CST375THDP	PMVIS001	VIS POUR CAPOT CSTART/SMART	4	OUI
CST375THDP	PMADH30001	ADAPTATEUR H30 POUR BANDEAU	2	OUI
CST375THDP	PMADH42001	ADAPTATEUR H42 POUR BANDEAU	2	OUI
CST375THDP	PMBAND10K001	BANDEAU POUR 10RJ KEYSTONE	1	OUI
CST375THDP	PFGMMK001	GRILLE DE MASSE	1	OUI
CST375THDP	PMRAILDIN001	RAIL DIN 250	1	OUI
CST375THDP	PMMK001	SUPPORT HNI	2	OUI
CST375THDP	RZ148	RACCORD F FEMELLE/FEMELLE	1	OUI
CST375THDP	BMT	BORNIER  MISE A LA TERRE	1	OUI
CST375THDP	FFH3529	STRAPP DE MISE A LA TERRE	1	OUI
CST375THDP	PMPEDTIO	PIECE MOULEE VOLET PORTE	1	OUI
CST375THDP	PMBAND3PC001	BANDEAU POUR 3PC 45/45	1	OUI
CST375THDP	H26001	OBTURATEUR  45X45mm	2	OUI
CST375THDP	HPCF001	PRISE 2P+T Ŕ CONNEXION RAPIDE	1	OUI
CST375THDP	H66445RJ11MRC	DTI  1 RJ45/1RJ11	1	OUI
CST375THDP	ECONN6AFS8	CONNECTEUR RJ45 CAT6A GRADE 3T	4	OUI
CST375THDP	H66203C	REPARTITEUR 3 DIRECTION CAPUCHON	1	OUI
CST375THDP	CORDBALRJF040C	CORDON BALUN RJ45 FICHE F COUD	1	OUI
CST375THDP	EMBCSTART250375	EMBALLAGE CSTART 375	1	OUI
CST375THDP	EECASA	ETIQUETTE CASANOVA CONNECTED	1	OUI
CST375THDSDSB	PMFONDV375001	FOND V5 375 + PIECE CAVALIER	1	OUI
CST375THDSDSB	PMCAP375	CAPOT 375 POUR CSMART/START	1	OUI
CST375THDSDSB	PMVIS001	VIS POUR CAPOT CSTART/SMART	4	OUI
CST375THDSDSB	PMADH30001	ADAPTATEUR H30 POUR BANDEAU	2	OUI
CST375THDSDSB	PMADH42001	ADAPTATEUR H42 POUR BANDEAU	2	OUI
CST375THDSDSB	PMBAND10K001	BANDEAU POUR 10RJ KEYSTONE	1	OUI
CST375THDSDSB	PFGMMK001	GRILLE DE MASSE	1	OUI
CST375THDSDSB	PMRAILDIN001	RAIL DIN 250	1	OUI
CST375THDSDSB	PMMK001	SUPPORT HNI	2	OUI
CST375THDSDSB	RZ148	RACCORD F FEMELLE/FEMELLE	1	OUI
CST375THDSDSB	BMT	BORNIER  MISE A LA TERRE	1	OUI
CST375THDSDSB	FFH3529	STRAPP DE MISE A LA TERRE	1	OUI
CST375THDSDSB	PMPEDTIO	PIECE MOULEE VOLET PORTE	1	OUI
CST375THDSDSB	ECONN6AFS8	CONNECTEUR RJ45 CAT6A GRADE 3T	4	OUI
CST375THDSDSB	H66203C	REPARTITEUR 3 DIRECTION CAPUCHON	1	OUI
CST375THDSDSB	EMBCSTART250375	EMBALLAGE CSTART 375	1	OUI
CST375THDPSD	PMFONDV375001	FOND V5 375 + PIECE CAVALIER	1	OUI
CST375THDPSD	PMCAP375	CAPOT 375 POUR CSMART/START	1	OUI
CST375THDPSD	PMPO375	PORTE 375 ABS V0	1	OUI
CST375THDPSD	PMLOGAT001	ROND DECO AVEC LOGO @	1	OUI
CST375THDPSD	PMVIS001	VIS POUR CAPOT CSTART/SMART	4	OUI
CST375THDPSD	PMADH30001	ADAPTATEUR H30 POUR BANDEAU	2	OUI
CST375THDPSD	PMADH42001	ADAPTATEUR H42 POUR BANDEAU	2	OUI
CST375THDPSD	PMBAND10K001	BANDEAU POUR 10RJ KEYSTONE	1	OUI
CST375THDPSD	PFGMMK001	GRILLE DE MASSE	1	OUI
CST375THDPSD	PMRAILDIN001	RAIL DIN 250	1	OUI
CST375THDPSD	PMMK001	SUPPORT HNI	2	OUI
CST375THDPSD	RZ148	RACCORD F FEMELLE/FEMELLE	1	OUI
CST375THDPSD	BMT	BORNIER  MISE A LA TERRE	1	OUI
CST375THDPSD	FFH3529	STRAPP DE MISE A LA TERRE	1	OUI
CST375THDPSD	PMPEDTIO	PIECE MOULEE VOLET PORTE	1	OUI
CST375THDPSD	PMBAND3PC001	BANDEAU POUR 3PC 45/45	1	OUI
CST375THDPSD	H26001	OBTURATEUR  45X45mm	2	OUI
CST375THDPSD	HPCF001	PRISE 2P+T Ŕ CONNEXION RAPIDE	1	OUI
CST375THDPSD	ECONN6AFS8	CONNECTEUR RJ45 CAT6A GRADE 3T	4	OUI
CST375THDPSD	H66203C	REPARTITEUR 3 DIRECTION CAPUCHON	1	OUI
CST375THDPSD	CORDBALRJF040C	CORDON BALUN RJ45 FICHE F COUD	1	OUI
CST375THDPSD	EMBCSTART250375	EMBALLAGE CSTART 375	1	OUI
CST375THDPSD	EECASA	ETIQUETTE CASANOVA CONNECTED	1	OUI
CST375THDSD	PMFONDV375001	FOND V5 375 + PIECE CAVALIER	1	OUI
CST375THDSD	PMCAP375	CAPOT 375 POUR CSMART/START	1	OUI
CST375THDSD	PMVIS001	VIS POUR CAPOT CSTART/SMART	4	OUI
CST375THDSD	PMADH30001	ADAPTATEUR H30 POUR BANDEAU	2	OUI
CST375THDSD	PMADH42001	ADAPTATEUR H42 POUR BANDEAU	2	OUI
CST375THDSD	PMBAND10K001	BANDEAU POUR 10RJ KEYSTONE	1	OUI
CST375THDSD	PFGMMK001	GRILLE DE MASSE	1	OUI
CST375THDSD	PMRAILDIN001	RAIL DIN 250	1	OUI
CST375THDSD	PMMK001	SUPPORT HNI	2	OUI
CST375THDSD	RZ148	RACCORD F FEMELLE/FEMELLE	1	OUI
CST375THDSD	BMT	BORNIER  MISE A LA TERRE	1	OUI
CST375THDSD	FFH3529	STRAPP DE MISE A LA TERRE	1	OUI
CST375THDSD	PMPEDTIO	PIECE MOULEE VOLET PORTE	1	OUI
CST375THDSD	ECONN6AFS8	CONNECTEUR RJ45 CAT6A GRADE 3T	4	OUI
CST375THDSD	H66203C	REPARTITEUR 3 DIRECTION CAPUCHON	1	OUI
CST375THDSD	H59040FRJ45	CORDON DE BRASSAGE TV BAL 040	1	OUI
CST375THDSD	EMBCSTART250375	EMBALLAGE CSTART 375	1	OUI
CST500THD	PMFONDV250001	FOND V5 250X250	2	OUI
CST500THD	PMCAP250	CAPOT 250 POUR CSMART/START	1	OUI
CST500THD	PMETAG001	ETAGERE POUR COFFRET	1	OUI
CST500THD	PMVIS001	VIS POUR CAPOT CSTART/SMART	6	OUI
CST500THD	PMADH30001	ADAPTATEUR H30 POUR BANDEAU	2	OUI
CST500THD	PMADH42001	ADAPTATEUR H42 POUR BANDEAU	2	OUI
CST500THD	PMBAND10K001	BANDEAU POUR 10RJ KEYSTONE	1	OUI
CST500THD	PFGMMK001	GRILLE DE MASSE	1	OUI
CST500THD	PMRAILDIN001	RAIL DIN 250	1	OUI
CST500THD	PMMK001	SUPPORT HNI	2	OUI
CST500THD	RZ148	RACCORD F FEMELLE/FEMELLE	1	OUI
CST500THD	BMT	BORNIER  MISE A LA TERRE	1	OUI
CST500THD	FFH3529	STRAPP DE MISE A LA TERRE	1	OUI
CST500THD	PMPEDTIO	PIECE MOULEE VOLET PORTE	2	OUI
CST500THD	33389	VIS AF PLAST 30° CBX ZN	4	OUI
CST500THD	PMBAND3PC001	BANDEAU POUR 3PC 45/45	1	OUI
CST500THD	H26001	OBTURATEUR  45X45mm	1	OUI
CST500THD	HPCF001	PRISE 2P+T Ŕ CONNEXION RAPIDE	2	OUI
CST500THD	H66445RJ11MRC	DTI  1 RJ45/1RJ11	1	OUI
CST500THD	ECONN6AFS8	CONNECTEUR RJ45 CAT6A GRADE 3T	4	OUI
CST500THD	H66203C	REPARTITEUR 3 DIRECTION CAPUCHON	1	OUI
CST500THD	CORDBALRJF040C	CORDON BALUN RJ45 FICHE F COUD	1	OUI
CST500THD	EMBCSTART625	EMBALLAGE CSTART 625	1	OUI
CST500THD	EECASA	ETIQUETTE CASANOVA CONNECTED	2	OUI
CST500THDP	PMFONDV250001	FOND V5 250X250	2	OUI
CST500THDP	PMCAP250	CAPOT 250 POUR CSMART/START	1	OUI
CST500THDP	PMPO250	PORTE 250 ABS V0	1	OUI
CST500THDP	PMDC001	DEMI CHARNIERE POUR PORTE	2	OUI
CST500THDP	PMLOGAT001	ROND DECO AVEC LOGO @	1	OUI
CST500THDP	PMETAG001	ETAGERE POUR COFFRET	1	OUI
CST500THDP	PMVIS001	VIS POUR CAPOT CSTART/SMART	6	OUI
CST500THDP	PMADH30001	ADAPTATEUR H30 POUR BANDEAU	2	OUI
CST500THDP	PMADH42001	ADAPTATEUR H42 POUR BANDEAU	2	OUI
CST500THDP	PMBAND10K001	BANDEAU POUR 10RJ KEYSTONE	1	OUI
CST500THDP	PFGMMK001	GRILLE DE MASSE	1	OUI
CST500THDP	PMRAILDIN001	RAIL DIN 250	1	OUI
CST500THDP	PMMK001	SUPPORT HNI	2	OUI
CST500THDP	RZ148	RACCORD F FEMELLE/FEMELLE	1	OUI
CST500THDP	BMT	BORNIER  MISE A LA TERRE	1	OUI
CST500THDP	FFH3529	STRAPP DE MISE A LA TERRE	1	OUI
CST500THDP	PMPEDTIO	PIECE MOULEE VOLET PORTE	2	OUI
CST500THDP	33389	VIS AF PLAST 30° CBX ZN	2	OUI
CST500THDP	PMBAND3PC001	BANDEAU POUR 3PC 45/45	1	OUI
CST500THDP	H26001	OBTURATEUR  45X45mm	1	OUI
CST500THDP	HPCF001	PRISE 2P+T Ŕ CONNEXION RAPIDE	2	OUI
CST500THDP	H66445RJ11MRC	DTI  1 RJ45/1RJ11	1	OUI
CST500THDP	ECONN6AFS8	CONNECTEUR RJ45 CAT6A GRADE 3T	4	OUI
CST500THDP	H66203C	REPARTITEUR 3 DIRECTION CAPUCHON	1	OUI
CST500THDP	CORDBALRJF040C	CORDON BALUN RJ45 FICHE F COUD	1	OUI
CST500THDP	EMBCSTART625	EMBALLAGE CSTART 625	1	OUI
CST500THDP	EECASA	ETIQUETTE CASANOVA CONNECTED	2	OUI
CST500THDPSD	PMFONDV250001	FOND V5 250X250	2	OUI
CST500THDPSD	PMCAP250	CAPOT 250 POUR CSMART/START	1	OUI
CST500THDPSD	PMPO250	PORTE 250 ABS V0	1	OUI
CST500THDPSD	PMDC001	DEMI CHARNIERE POUR PORTE	2	OUI
CST500THDPSD	PMLOGAT001	ROND DECO AVEC LOGO @	1	OUI
CST500THDPSD	PMETAG001	ETAGERE POUR COFFRET	1	OUI
CST500THDPSD	PMVIS001	VIS POUR CAPOT CSTART/SMART	6	OUI
CST500THDPSD	PMADH30001	ADAPTATEUR H30 POUR BANDEAU	2	OUI
CST500THDPSD	PMADH42001	ADAPTATEUR H42 POUR BANDEAU	2	OUI
CST500THDPSD	PMBAND10K001	BANDEAU POUR 10RJ KEYSTONE	1	OUI
CST500THDPSD	PFGMMK001	GRILLE DE MASSE	1	OUI
CST500THDPSD	PMRAILDIN001	RAIL DIN 250	1	OUI
CST500THDPSD	PMMK001	SUPPORT HNI	2	OUI
CST500THDPSD	RZ148	RACCORD F FEMELLE/FEMELLE	1	OUI
CST500THDPSD	BMT	BORNIER  MISE A LA TERRE	1	OUI
CST500THDPSD	FFH3529	STRAPP DE MISE A LA TERRE	1	OUI
CST500THDPSD	PMPEDTIO	PIECE MOULEE VOLET PORTE	2	OUI
CST500THDPSD	33389	VIS AF PLAST 30° CBX ZN	2	OUI
CST500THDPSD	PMBAND3PC001	BANDEAU POUR 3PC 45/45	1	OUI
CST500THDPSD	H26001	OBTURATEUR  45X45mm	1	OUI
CST500THDPSD	HPCF001	PRISE 2P+T Ŕ CONNEXION RAPIDE	2	OUI
CST500THDPSD	ECONN6AFS8	CONNECTEUR RJ45 CAT6A GRADE 3T	4	OUI
CST500THDPSD	H66203C	REPARTITEUR 3 DIRECTION CAPUCHON	1	OUI
CST500THDPSD	CORDBALRJF040C	CORDON BALUN RJ45 FICHE F COUD	1	OUI
CST500THDPSD	EMBCSTART625	EMBALLAGE CSTART 625	1	OUI
CST500THDPSD	EECASA	ETIQUETTE CASANOVA CONNECTED	2	OUI
CST500THDSD	PMFONDV250001	FOND V5 250X250	2	OUI
CST500THDSD	PMCAP250	CAPOT 250 POUR CSMART/START	1	OUI
CST500THDSD	PMETAG001	ETAGERE POUR COFFRET	1	OUI
CST500THDSD	PMVIS001	VIS POUR CAPOT CSTART/SMART	6	OUI
CST500THDSD	PMADH30001	ADAPTATEUR H30 POUR BANDEAU	2	OUI
CST500THDSD	PMADH42001	ADAPTATEUR H42 POUR BANDEAU	2	OUI
CST500THDSD	PMBAND10K001	BANDEAU POUR 10RJ KEYSTONE	1	OUI
CST500THDSD	PFGMMK001	GRILLE DE MASSE	1	OUI
CST500THDSD	PMRAILDIN001	RAIL DIN 250	1	OUI
CST500THDSD	PMMK001	SUPPORT HNI	2	OUI
CST500THDSD	RZ148	RACCORD F FEMELLE/FEMELLE	1	OUI
CST500THDSD	BMT	BORNIER  MISE A LA TERRE	1	OUI
CST500THDSD	FFH3529	STRAPP DE MISE A LA TERRE	1	OUI
CST500THDSD	PMPEDTIO	PIECE MOULEE VOLET PORTE	2	OUI
CST500THDSD	33389	VIS AF PLAST 30° CBX ZN	2	OUI
CST500THDSD	PMBAND3PC001	BANDEAU POUR 3PC 45/45	1	OUI
CST500THDSD	H26001	OBTURATEUR  45X45mm	1	OUI
CST500THDSD	HPCF001	PRISE 2P+T Ŕ CONNEXION RAPIDE	2	OUI
CST500THDSD	ECONN6AFS8	CONNECTEUR RJ45 CAT6A GRADE 3T	4	OUI
CST500THDSD	H66203C	REPARTITEUR 3 DIRECTION CAPUCHON	1	OUI
CST500THDSD	CORDBALRJF040C	CORDON BALUN RJ45 FICHE F COUD	1	OUI
CST500THDSD	EMBCSTART625	EMBALLAGE CSTART 625	1	OUI
CST500THDSD	EECASA	ETIQUETTE CASANOVA CONNECTED	2	OUI
CST625G3NRHEL	PMFONDV250001	FOND V5 250X250	1	OUI
CST625G3NRHEL	PMFONDV375001	FOND V5 375 + PIECE CAVALIER	1	OUI
CST625G3NRHEL	PMCAP250	CAPOT 250 POUR CSMART/START	1	OUI
CST625G3NRHEL	PMPO250	PORTE 250 ABS V0	1	OUI
CST625G3NRHEL	PMETAG001	ETAGERE POUR COFFRET	1	OUI
CST625G3NRHEL	PMVIS001	VIS POUR CAPOT CSTART/SMART	6	OUI
CST625G3NRHEL	PMADH30001	ADAPTATEUR H30 POUR BANDEAU	2	OUI
CST625G3NRHEL	PMADH42001	ADAPTATEUR H42 POUR BANDEAU	2	OUI
CST625G3NRHEL	PMBAND10K001	BANDEAU POUR 10RJ KEYSTONE	1	OUI
CST625G3NRHEL	PFGMMK001	GRILLE DE MASSE	1	OUI
CST625G3NRHEL	PMRAILDIN001	RAIL DIN 250	1	OUI
CST625G3NRHEL	BMT	BORNIER  MISE A LA TERRE	1	OUI
CST625G3NRHEL	FFH3529	STRAPP DE MISE A LA TERRE	1	OUI
CST625G3NRHEL	PMPEDTIO	PIECE MOULEE VOLET PORTE	2	OUI
CST625G3NRHEL	33389	VIS AF PLAST 30° CBX ZN	2	OUI
CST625G3NRHEL	PMBAND3PC001	BANDEAU POUR 3PC 45/45	1	OUI
CST625G3NRHEL	H26001	OBTURATEUR  45X45mm	1	OUI
CST625G3NRHEL	HPCF001	PRISE 2P+T Ŕ CONNEXION RAPIDE	2	OUI
CST625G3NRHEL	ECONN6AFS8	CONNECTEUR RJ45 CAT6A GRADE 3T	4	OUI
CST625G3NRHEL	H66203C	REPARTITEUR 3 DIRECTION CAPUCHON	1	OUI
CST625G3NRHEL	EMBCSTART625	EMBALLAGE CSTART 625	1	OUI
CST625G3NRHEL	EECASA	ETIQUETTE CASANOVA CONNECTED	1	OUI
CST625THD	PMCAP250	CAPOT 250 POUR CSMART/START	1	OUI
CST625THD	PMETAG001	ETAGERE POUR COFFRET	1	OUI
CST625THD	PMVIS001	VIS POUR CAPOT CSTART/SMART	6	OUI
CST625THD	PMADH30001	ADAPTATEUR H30 POUR BANDEAU	2	OUI
CST625THD	PMADH42001	ADAPTATEUR H42 POUR BANDEAU	2	OUI
CST625THD	PMBAND10K001	BANDEAU POUR 10RJ KEYSTONE	1	OUI
CST625THD	PFGMMK001	GRILLE DE MASSE	1	OUI
CST625THD	PMRAILDIN001	RAIL DIN 250	1	OUI
CST625THD	PMMK001	SUPPORT HNI	2	OUI
CST625THD	RZ148	RACCORD F FEMELLE/FEMELLE	1	OUI
CST625THD	BMT	BORNIER  MISE A LA TERRE	1	OUI
CST625THD	FFH3529	STRAPP DE MISE A LA TERRE	1	OUI
CST625THD	33389	VIS AF PLAST 30° CBX ZN	2	OUI
CST625THD	PMBAND3PC001	BANDEAU POUR 3PC 45/45	1	OUI
CST625THD	H26001	OBTURATEUR  45X45mm	1	OUI
CST625THD	HPCF001	PRISE 2P+T Ŕ CONNEXION RAPIDE	2	OUI
CST625THD	H66445RJ11MRC	DTI  1 RJ45/1RJ11	1	OUI
CST625THD	ECONN6AFS8	CONNECTEUR RJ45 CAT6A GRADE 3T	4	OUI
CST625THD	CORDBALRJF040C	CORDON BALUN RJ45 FICHE F COUD	1	OUI
CST625THD	EMBCSTART625	EMBALLAGE CSTART 625	1	OUI
CST625THD	EECASA	ETIQUETTE CASANOVA CONNECTED	2	OUI
CST625THDSD	PMFONDV250001	FOND V5 250X250	1	OUI
CST625THDSD	PMFONDV375001	FOND V5 375 + PIECE CAVALIER	1	OUI
CST625THDSD	PMCAP250	CAPOT 250 POUR CSMART/START	1	OUI
CST625THDSD	PMETAG001	ETAGERE POUR COFFRET	1	OUI
CST625THDSD	PMVIS001	VIS POUR CAPOT CSTART/SMART	6	OUI
CST625THDSD	PMADH30001	ADAPTATEUR H30 POUR BANDEAU	2	OUI
CST625THDSD	PMADH42001	ADAPTATEUR H42 POUR BANDEAU	2	OUI
CST625THDSD	PMBAND10K001	BANDEAU POUR 10RJ KEYSTONE	1	OUI
CST625THDSD	PFGMMK001	GRILLE DE MASSE	1	OUI
CST625THDSD	PMRAILDIN001	RAIL DIN 250	1	OUI
CST625THDSD	PMMK001	SUPPORT HNI	2	OUI
CST625THDSD	RZ148	RACCORD F FEMELLE/FEMELLE	1	OUI
CST625THDSD	BMT	BORNIER  MISE A LA TERRE	1	OUI
CST625THDSD	FFH3529	STRAPP DE MISE A LA TERRE	1	OUI
CST625THDSD	33389	VIS AF PLAST 30° CBX ZN	2	OUI
CST625THDSD	PMBAND3PC001	BANDEAU POUR 3PC 45/45	1	OUI
CST625THDSD	H26001	OBTURATEUR  45X45mm	1	OUI
CST625THDSD	HPCF001	PRISE 2P+T Ŕ CONNEXION RAPIDE	2	OUI
CST625THDSD	ECONN6AFS8	CONNECTEUR RJ45 CAT6A GRADE 3T	4	OUI
CST625THDSD	H66203C	REPARTITEUR 3 DIRECTION CAPUCHON	1	OUI
CST625THDSD	CORDBALRJF040C	CORDON BALUN RJ45 FICHE F COUD	1	OUI
CST625THDSD	EMBCSTART625	EMBALLAGE CSTART 625	1	OUI
CST625THDSD	EECASA	ETIQUETTE CASANOVA CONNECTED	2	OUI
CST625THDSDSB	PMFONDV250001	FOND V5 250X250	1	OUI
CST625THDSDSB	PMFONDV375001	FOND V5 375 + PIECE CAVALIER	1	OUI
CST625THDSDSB	PMCAP250	CAPOT 250 POUR CSMART/START	1	OUI
CST625THDSDSB	PMETAG001	ETAGERE POUR COFFRET	1	OUI
CST625THDSDSB	PMVIS001	VIS POUR CAPOT CSTART/SMART	6	OUI
CST625THDSDSB	PMADH30001	ADAPTATEUR H30 POUR BANDEAU	2	OUI
CST625THDSDSB	PMADH42001	ADAPTATEUR H42 POUR BANDEAU	2	OUI
CST625THDSDSB	PMBAND10K001	BANDEAU POUR 10RJ KEYSTONE	1	OUI
CST625THDSDSB	PFGMMK001	GRILLE DE MASSE	1	OUI
CST625THDSDSB	PMRAILDIN001	RAIL DIN 250	1	OUI
CST625THDSDSB	PMMK001	SUPPORT HNI	2	OUI
CST625THDSDSB	RZ148	RACCORD F FEMELLE/FEMELLE	1	OUI
CST625THDSDSB	BMT	BORNIER  MISE A LA TERRE	1	OUI
CST625THDSDSB	FFH3529	STRAPP DE MISE A LA TERRE	1	OUI
CST625THDSDSB	PMPEDTIO	PIECE MOULEE VOLET PORTE	2	OUI
CST625THDSDSB	33389	VIS AF PLAST 30° CBX ZN	4	OUI
CST625THDSDSB	PMBAND3PC001	BANDEAU POUR 3PC 45/45	1	OUI
CST625THDSDSB	H26001	OBTURATEUR  45X45mm	1	OUI
CST625THDSDSB	HPCF001	PRISE 2P+T Ŕ CONNEXION RAPIDE	4	OUI
CST625THDSDSB	ECONN6AFS8	CONNECTEUR RJ45 CAT6A GRADE 3T	4	OUI
CST625THDSDSB	S3WN	REPARTITEUR 3 DIRECTION	1	OUI
CST625THDSDSB	EMBCSTART625	EMBALLAGE CSTART 625	1	OUI
CST625THDSDSB	EECASA	ETIQUETTE CASANOVA CONNECTED	2	OUI
CST625THDC	PMFONDV250001	FOND V5 250X250	1	OUI
CST625THDC	PMCAP375	CAPOT 375 POUR CSMART/START	1	OUI
CST625THDC	PMVIS001	VIS POUR CAPOT CSTART/SMART	8	OUI
CST625THDC	PMADH30001	ADAPTATEUR H30 POUR BANDEAU	2	OUI
CST625THDC	PMADH42001	ADAPTATEUR H42 POUR BANDEAU	2	OUI
CST625THDC	PMBAND10K001	BANDEAU POUR 10RJ KEYSTONE	1	OUI
CST625THDC	PFGMMK001	GRILLE DE MASSE	1	OUI
CST625THDC	PMRAILDIN001	RAIL DIN 250	1	OUI
CST625THDC	PMMK001	SUPPORT HNI	2	OUI
CST625THDC	RZ148	RACCORD F FEMELLE/FEMELLE	1	OUI
CST625THDC	BMT	BORNIER  MISE A LA TERRE	1	OUI
CST625THDC	FFH3529	STRAPP DE MISE A LA TERRE	1	OUI
CST625THDC	PMPEDTIO	PIECE MOULEE VOLET PORTE	2	OUI
CST625THDC	33389	VIS AF PLAST 30° CBX ZN	2	OUI
CST625THDC	PMBAND3PC001	BANDEAU POUR 3PC 45/45	1	OUI
CST625THDC	H26001	OBTURATEUR  45X45mm	1	OUI
CST625THDC	HPCF001	PRISE 2P+T Ŕ CONNEXION RAPIDE	2	OUI
CST625THDC	H66445RJ11MRC	DTI  1 RJ45/1RJ11	1	OUI
CST625THDC	ECONN5ENB8	CONN RJ45 CAT5E NON BLINDE	4	OUI
CST625THDC	H66203C	REPARTITEUR 3 DIRECTION CAPUCHON	1	OUI
CST625THDC	CORDBALRJF040C	CORDON BALUN RJ45 FICHE F COUD	1	OUI
CST625THDC	EECASA	ETIQUETTE CASANOVA CONNECTED	2	OUI
CST625THDCSD	PMFONDV250001	FOND V5 250X250	1	OUI
CST625THDCSD	PMFONDV375001	FOND V5 375 + PIECE CAVALIER	1	OUI
CST625THDCSD	PMCAP375	CAPOT 375 POUR CSMART/START	1	OUI
CST625THDCSD	PMCAP250	CAPOT 250 POUR CSMART/START	1	OUI
CST625THDCSD	PMVIS001	VIS POUR CAPOT CSTART/SMART	8	OUI
CST625THDCSD	PMADH30001	ADAPTATEUR H30 POUR BANDEAU	2	OUI
CST625THDCSD	PMADH42001	ADAPTATEUR H42 POUR BANDEAU	2	OUI
CST625THDCSD	PMBAND10K001	BANDEAU POUR 10RJ KEYSTONE	1	OUI
CST625THDCSD	PFGMMK001	GRILLE DE MASSE	1	OUI
CST625THDCSD	PMRAILDIN001	RAIL DIN 250	1	OUI
CST625THDCSD	PMMK001	SUPPORT HNI	2	OUI
CST625THDCSD	RZ148	RACCORD F FEMELLE/FEMELLE	1	OUI
CST625THDCSD	BMT	BORNIER  MISE A LA TERRE	1	OUI
CST625THDCSD	FFH3529	STRAPP DE MISE A LA TERRE	1	OUI
CST625THDCSD	PMPEDTIO	PIECE MOULEE VOLET PORTE	2	OUI
CST625THDCSD	33389	VIS AF PLAST 30° CBX ZN	2	OUI
CST625THDCSD	PMBAND3PC001	BANDEAU POUR 3PC 45/45	1	OUI
CST625THDCSD	H26001	OBTURATEUR  45X45mm	1	OUI
CST625THDCSD	HPCF001	PRISE 2P+T Ŕ CONNEXION RAPIDE	2	OUI
CST625THDCSD	ECONN6AFS8	CONNECTEUR RJ45 CAT6A GRADE 3T	4	OUI
CST625THDCSD	H66203C	REPARTITEUR 3 DIRECTION CAPUCHON	1	OUI
CST625THDCSD	CORDBALRJF040C	CORDON BALUN RJ45 FICHE F COUD	1	OUI
CST625THDCSD	EMBCSTART625	EMBALLAGE CSTART 625	1	OUI
CST625THDCSD	EECASA	ETIQUETTE CASANOVA CONNECTED	2	OUI
CST625THDCP	PMFONDV250001	FOND V5 250X250	1	OUI
CST625THDCP	PMFONDV375001	FOND V5 375 + PIECE CAVALIER	1	OUI
CST625THDCP	PMCAP375	CAPOT 375 POUR CSMART/START	1	OUI
CST625THDCP	PMCAP250	CAPOT 250 POUR CSMART/START	1	OUI
CST625THDCP	PMPO250	PORTE 250 ABS V0	1	OUI
CST625THDCP	PMDC001	DEMI CHARNIERE POUR PORTE	4	OUI
CST625THDCP	PMLOGAT001	ROND DECO AVEC LOGO @	1	OUI
CST625THDCP	PMVIS001	VIS POUR CAPOT CSTART/SMART	8	OUI
CST625THDCP	PMADH30001	ADAPTATEUR H30 POUR BANDEAU	2	OUI
CST625THDCP	PMADH42001	ADAPTATEUR H42 POUR BANDEAU	2	OUI
CST625THDCP	PMBAND10K001	BANDEAU POUR 10RJ KEYSTONE	1	OUI
CST625THDCP	PFGMMK001	GRILLE DE MASSE	1	OUI
CST625THDCP	PMRAILDIN001	RAIL DIN 250	1	OUI
CST625THDCP	PMMK001	SUPPORT HNI	2	OUI
CST625THDCP	RZ148	RACCORD F FEMELLE/FEMELLE	1	OUI
CST625THDCP	BMT	BORNIER  MISE A LA TERRE	1	OUI
CST625THDCP	FFH3529	STRAPP DE MISE A LA TERRE	1	OUI
CST625THDCP	PMPEDTIO	PIECE MOULEE VOLET PORTE	2	OUI
CST625THDCP	33389	VIS AF PLAST 30° CBX ZN	2	OUI
CST625THDCP	PMBAND3PC001	BANDEAU POUR 3PC 45/45	1	OUI
CST625THDCP	H26001	OBTURATEUR  45X45mm	1	OUI
CST625THDCP	HPCF001	PRISE 2P+T Ŕ CONNEXION RAPIDE	2	OUI
CST625THDCP	H66445RJ11MRC	DTI  1 RJ45/1RJ11	1	OUI
CST625THDCP	ECONN6AFS8	CONNECTEUR RJ45 CAT6A GRADE 3T	4	OUI
CST625THDCP	H66203C	REPARTITEUR 3 DIRECTION CAPUCHON	1	OUI
CST625THDCP	CORDBALRJF040C	CORDON BALUN RJ45 FICHE F COUD	1	OUI
CST625THDCP	EMBCSTART625	EMBALLAGE CSTART 625	1	OUI
CST625THDCP	EECASA	ETIQUETTE CASANOVA CONNECTED	2	OUI
CST625THDCPSD	PMFONDV250001	FOND V5 250X250	1	OUI
CST625THDCPSD	PMFONDV375001	FOND V5 375 + PIECE CAVALIER	1	OUI
CST625THDCPSD	PMCAP375	CAPOT 375 POUR CSMART/START	1	OUI
CST625THDCPSD	PMCAP250	CAPOT 250 POUR CSMART/START	1	OUI
CST625THDCPSD	PMPO250	PORTE 250 ABS V0	1	OUI
CST625THDCPSD	PMPO375	PORTE 375 ABS V0	1	OUI
CST625THDCPSD	PMDC001	DEMI CHARNIERE POUR PORTE	4	OUI
CST625THDCPSD	PMLOGAT001	ROND DECO AVEC LOGO @	2	OUI
CST625THDCPSD	PMVIS001	VIS POUR CAPOT CSTART/SMART	8	OUI
CST625THDCPSD	PMADH30001	ADAPTATEUR H30 POUR BANDEAU	2	OUI
CST625THDCPSD	PMADH42001	ADAPTATEUR H42 POUR BANDEAU	2	OUI
CST625THDCPSD	PMBAND10K001	BANDEAU POUR 10RJ KEYSTONE	1	OUI
CST625THDCPSD	PFGMMK001	GRILLE DE MASSE	1	OUI
CST625THDCPSD	PMRAILDIN001	RAIL DIN 250	1	OUI
CST625THDCPSD	PMMK001	SUPPORT HNI	2	OUI
CST625THDCPSD	RZ148	RACCORD F FEMELLE/FEMELLE	1	OUI
CST625THDCPSD	BMT	BORNIER  MISE A LA TERRE	1	OUI
CST625THDCPSD	FFH3529	STRAPP DE MISE A LA TERRE	1	OUI
CST625THDCPSD	PMPEDTIO	PIECE MOULEE VOLET PORTE	2	OUI
CST625THDCPSD	33389	VIS AF PLAST 30° CBX ZN	2	OUI
CST625THDCPSD	PMBAND3PC001	BANDEAU POUR 3PC 45/45	1	OUI
CST625THDCPSD	H26001	OBTURATEUR  45X45mm	1	OUI
CST625THDCPSD	HPCF001	PRISE 2P+T Ŕ CONNEXION RAPIDE	2	OUI
CST625THDCPSD	ECONN6AFS8	CONNECTEUR RJ45 CAT6A GRADE 3T	4	OUI
CST625THDCPSD	H66203C	REPARTITEUR 3 DIRECTION CAPUCHON	1	OUI
CST625THDCPSD	CORDBALRJF040C	CORDON BALUN RJ45 FICHE F COUD	1	OUI
CST625THDCPSD	EMBCSTART625	EMBALLAGE CSTART 625	1	OUI
CST625THDCPSD	EECASA	ETIQUETTE CASANOVA CONNECTED	2	OUI
CST625THDP	PMFONDV250001	FOND V5 250X250	1	OUI
CST625THDP	PMFONDV375001	FOND V5 375 + PIECE CAVALIER	1	OUI
CST625THDP	PMCAP250	CAPOT 250 POUR CSMART/START	1	OUI
CST625THDP	PMPO250	PORTE 250 ABS V0	1	OUI
CST625THDP	PMDC001	DEMI CHARNIERE POUR PORTE	2	OUI
CST625THDP	PMLOGAT001	ROND DECO AVEC LOGO @	1	OUI
CST625THDP	PMETAG001	ETAGERE POUR COFFRET	1	OUI
CST625THDP	PMVIS001	VIS POUR CAPOT CSTART/SMART	6	OUI
CST625THDP	PMADH30001	ADAPTATEUR H30 POUR BANDEAU	2	OUI
CST625THDP	PMADH42001	ADAPTATEUR H42 POUR BANDEAU	2	OUI
CST625THDP	PMBAND10K001	BANDEAU POUR 10RJ KEYSTONE	1	OUI
CST625THDP	PFGMMK001	GRILLE DE MASSE	1	OUI
CST625THDP	PMRAILDIN001	RAIL DIN 250	1	OUI
CST625THDP	PMMK001	SUPPORT HNI	2	OUI
CST625THDP	RZ148	RACCORD F FEMELLE/FEMELLE	1	OUI
CST625THDP	BMT	BORNIER  MISE A LA TERRE	1	OUI
CST625THDP	FFH3529	STRAPP DE MISE A LA TERRE	1	OUI
CST625THDP	PMPEDTIO	PIECE MOULEE VOLET PORTE	2	OUI
CST625THDP	33389	VIS AF PLAST 30° CBX ZN	2	OUI
CST625THDP	PMBAND3PC001	BANDEAU POUR 3PC 45/45	1	OUI
CST625THDP	H26001	OBTURATEUR  45X45mm	1	OUI
CST625THDP	HPCF001	PRISE 2P+T Ŕ CONNEXION RAPIDE	2	OUI
CST625THDP	H66445RJ11MRC	DTI  1 RJ45/1RJ11	1	OUI
CST625THDP	ECONN6AFS8	CONNECTEUR RJ45 CAT6A GRADE 3T	4	OUI
CST625THDP	H66203C	REPARTITEUR 3 DIRECTION CAPUCHON	1	OUI
CST625THDP	H59040FRJ45	CORDON DE BRASSAGE TV BAL 040	1	OUI
CST625THDP	EMBCSTART625	EMBALLAGE CSTART 625	1	OUI
CST625THDP	EECASA	ETIQUETTE CASANOVA CONNECTED	2	OUI
CST625THDPSD	PMFONDV250001	FOND V5 250X250	1	OUI
CST625THDPSD	PMFONDV375001	FOND V5 375 + PIECE CAVALIER	1	OUI
CST625THDPSD	PMCAP250	CAPOT 250 POUR CSMART/START	1	OUI
CST625THDPSD	PMPO250	PORTE 250 ABS V0	1	OUI
CST625THDPSD	PMDC001	DEMI CHARNIERE POUR PORTE	2	OUI
CST625THDPSD	PMLOGAT001	ROND DECO AVEC LOGO @	1	OUI
CST625THDPSD	PMETAG001	ETAGERE POUR COFFRET	1	OUI
CST625THDPSD	PMVIS001	VIS POUR CAPOT CSTART/SMART	6	OUI
CST625THDPSD	PMADH30001	ADAPTATEUR H30 POUR BANDEAU	2	OUI
CST625THDPSD	PMADH42001	ADAPTATEUR H42 POUR BANDEAU	2	OUI
CST625THDPSD	PMBAND10K001	BANDEAU POUR 10RJ KEYSTONE	1	OUI
CST625THDPSD	PFGMMK001	GRILLE DE MASSE	1	OUI
CST625THDPSD	PMRAILDIN001	RAIL DIN 250	1	OUI
CST625THDPSD	PMMK001	SUPPORT HNI	2	OUI
CST625THDPSD	RZ148	RACCORD F FEMELLE/FEMELLE	1	OUI
CST625THDPSD	BMT	BORNIER  MISE A LA TERRE	1	OUI
CST625THDPSD	FFH3529	STRAPP DE MISE A LA TERRE	1	OUI
CST625THDPSD	PMPEDTIO	PIECE MOULEE VOLET PORTE	2	OUI
CST625THDPSD	33389	VIS AF PLAST 30° CBX ZN	2	OUI
CST625THDPSD	PMBAND3PC001	BANDEAU POUR 3PC 45/45	1	OUI
CST625THDPSD	H26001	OBTURATEUR  45X45mm	1	OUI
CST625THDPSD	HPCF001	PRISE 2P+T Ŕ CONNEXION RAPIDE	2	OUI
CST625THDPSD	ECONN6AFS8	CONNECTEUR RJ45 CAT6A GRADE 3T	4	OUI
CST625THDPSD	H66203C	REPARTITEUR 3 DIRECTION CAPUCHON	1	OUI
CST625THDPSD	H59040FRJ45	CORDON DE BRASSAGE TV BAL 040	1	OUI
CST625THDPSD	EMBCSTART625	EMBALLAGE CSTART 625	1	OUI
CST625THDPSD	EECASA	ETIQUETTE CASANOVA CONNECTED	2	OUI
CTRIET24XP109DE	PMFONDV250001	FOND V5 250X250	1	OUI
CTRIET24XP109DE	PMCAP250	CAPOT 250 POUR CSMART/START	1	OUI
CTRIET24XP109DE	PMPO250	PORTE 250 ABS V0	1	OUI
CTRIET24XP109DE	PMDC001	DEMI CHARNIERE POUR PORTE	2	OUI
CTRIET24XP109DE	PMLOGAT001	ROND DECO AVEC LOGO @	1	OUI
CTRIET24XP109DE	PMVIS001	VIS POUR CAPOT CSTART/SMART	4	OUI
CTRIET24XP109DE	PMADH30001	ADAPTATEUR H30 POUR BANDEAU	2	OUI
CTRIET24XP109DE	PMADH42001	ADAPTATEUR H42 POUR BANDEAU	2	OUI
CTRIET24XP109DE	PMBAND10K001	BANDEAU POUR 10RJ KEYSTONE	1	OUI
CTRIET24XP109DE	PFGMMK001	GRILLE DE MASSE	1	OUI
CTRIET24XP109DE	PMRAILDIN001	RAIL DIN 250	1	OUI
CTRIET24XP109DE	BMT	BORNIER  MISE A LA TERRE	1	OUI
CTRIET24XP109DE	FFH3529	STRAPP DE MISE A LA TERRE	1	OUI
CTRIET24XP109DE	PMPEDTIO	PIECE MOULEE VOLET PORTE	1	OUI
CTRIET24XP109DE	33389	VIS AF PLAST 30° CBX ZN	2	OUI
CTRIET24XP109DE	H66445RJ11MRC	DTI  1 RJ45/1RJ11	1	OUI
CTRIET24XP109DE	ECONN6AFS8	CONNECTEUR RJ45 CAT6A GRADE 3T	4	OUI
CTRIET24XP109DE	RQC4	REPARTITEUR RQC4	1	OUI
CTRIET24XP109DE	EMBCTART250		1	OUI
CTRIET24XP109DE	EECASA	ETIQUETTE CASANOVA CONNECTED	1	OUI
CTRIETG14X	PMFONDV250001	FOND V5 250X250	1	OUI
CTRIETG14X	PMCAP250	CAPOT 250 POUR CSMART/START	1	OUI
CTRIETG14X	PMVIS001	VIS POUR CAPOT CSTART/SMART	4	OUI
CTRIETG14X	PMADH30001	ADAPTATEUR H30 POUR BANDEAU	2	OUI
CTRIETG14X	PMADH42001	ADAPTATEUR H42 POUR BANDEAU	2	OUI
CTRIETG14X	PMBAND10K001	BANDEAU POUR 10RJ KEYSTONE	1	OUI
CTRIETG14X	PMRAILDIN001	RAIL DIN 250	1	OUI
CTRIETG14X	BMT	BORNIER  MISE A LA TERRE	1	OUI
CTRIETG14X	PMPEDTIO	PIECE MOULEE VOLET PORTE	1	OUI
CTRIETG14X	33389	VIS AF PLAST 30° CBX ZN	2	OUI
CTRIETG14X	H66404MRC	DTI BRETELLE 4 RJ45	1	OUI
CTRIETG14X	ECONN5ENB8	CONN RJ45 CAT5E NON BLINDE	4	OUI
CTRIETG14X	S3WN	REPARTITEUR 3 DIRECTION	1	OUI
CTRIETG14X	EMBCTART250		1	OUI
CTRIETG14X	EECASA	ETIQUETTE CASANOVA CONNECTED	1	OUI
CTRIETG14XP	PMFONDV250001	FOND V5 250X250	1	OUI
CTRIETG14XP	PMCAP250	CAPOT 250 POUR CSMART/START	1	OUI
CTRIETG14XP	PMPO250	PORTE 250 ABS V0	1	OUI
CTRIETG14XP	PMDC001	DEMI CHARNIERE POUR PORTE	2	OUI
CTRIETG14XP	PMLOGAT001	ROND DECO AVEC LOGO @	1	OUI
CTRIETG14XP	PMVIS001	VIS POUR CAPOT CSTART/SMART	4	OUI
CTRIETG14XP	PMADH30001	ADAPTATEUR H30 POUR BANDEAU	2	OUI
CTRIETG14XP	PMADH42001	ADAPTATEUR H42 POUR BANDEAU	2	OUI
CTRIETG14XP	PMBAND10K001	BANDEAU POUR 10RJ KEYSTONE	1	OUI
CTRIETG14XP	PMRAILDIN001	RAIL DIN 250	1	OUI
CTRIETG14XP	BMT	BORNIER  MISE A LA TERRE	1	OUI
CTRIETG14XP	PMPEDTIO	PIECE MOULEE VOLET PORTE	1	OUI
CTRIETG14XP	33389	VIS AF PLAST 30° CBX ZN	2	OUI
CTRIETG14XP	H66404MRC	DTI BRETELLE 4 RJ45	1	OUI
CTRIETG14XP	ECONN5ENB8	CONN RJ45 CAT5E NON BLINDE	4	OUI
CTRIETG14XP	S3WN	REPARTITEUR 3 DIRECTION	1	OUI
CTRIETG14XP	EMBCTART250		1	OUI
CTRIETG14XP	EECASA	ETIQUETTE CASANOVA CONNECTED	1	OUI
CTRIETG24X	PMFONDV250001	FOND V5 250X250	1	OUI
CTRIETG24X	PMCAP250	CAPOT 250 POUR CSMART/START	1	OUI
CTRIETG24X	PMLOGAT001	ROND DECO AVEC LOGO @	1	OUI
CTRIETG24X	PMVIS001	VIS POUR CAPOT CSTART/SMART	4	OUI
CTRIETG24X	PMADH30001	ADAPTATEUR H30 POUR BANDEAU	2	OUI
CTRIETG24X	PMADH42001	ADAPTATEUR H42 POUR BANDEAU	2	OUI
CTRIETG24X	PMBAND10K001	BANDEAU POUR 10RJ KEYSTONE	1	OUI
CTRIETG24X	PFGMMK001	GRILLE DE MASSE	1	OUI
CTRIETG24X	PMRAILDIN001	RAIL DIN 250	1	OUI
CTRIETG24X	BMT	BORNIER  MISE A LA TERRE	1	OUI
CTRIETG24X	FFH3529	STRAPP DE MISE A LA TERRE	1	OUI
CTRIETG24X	PMPEDTIO	PIECE MOULEE VOLET PORTE	1	OUI
CTRIETG24X	33389	VIS AF PLAST 30° CBX ZN	2	OUI
CTRIETG24X	H66404MRC	DTI BRETELLE 4 RJ45	1	OUI
CTRIETG24X	ECONN6AFS8	CONNECTEUR RJ45 CAT6A GRADE 3T	4	OUI
CTRIETG24X	S3WN	REPARTITEUR 3 DIRECTION	1	OUI
CTRIETG24X	EMBCTART250		1	OUI
CTRIETG24X	EECASA	ETIQUETTE CASANOVA CONNECTED	1	OUI
CTRIETG24XP	PMFONDV250001	FOND V5 250X250	1	OUI
CTRIETG24XP	PMCAP250	CAPOT 250 POUR CSMART/START	1	OUI
CTRIETG24XP	PMPO250	PORTE 250 ABS V0	1	OUI
CTRIETG24XP	PMDC001	DEMI CHARNIERE POUR PORTE	2	OUI
CTRIETG24XP	PMLOGAT001	ROND DECO AVEC LOGO @	1	OUI
CTRIETG24XP	PMVIS001	VIS POUR CAPOT CSTART/SMART	4	OUI
CTRIETG24XP	PMADH30001	ADAPTATEUR H30 POUR BANDEAU	2	OUI
CTRIETG24XP	PMADH42001	ADAPTATEUR H42 POUR BANDEAU	2	OUI
CTRIETG24XP	PMBAND10K001	BANDEAU POUR 10RJ KEYSTONE	1	OUI
CTRIETG24XP	PFGMMK001	GRILLE DE MASSE	1	OUI
CTRIETG24XP	PMRAILDIN001	RAIL DIN 250	1	OUI
CTRIETG24XP	BMT	BORNIER  MISE A LA TERRE	1	OUI
CTRIETG24XP	FFH3529	STRAPP DE MISE A LA TERRE	1	OUI
CTRIETG24XP	PMPEDTIO	PIECE MOULEE VOLET PORTE	1	OUI
CTRIETG24XP	33389	VIS AF PLAST 30° CBX ZN	2	OUI
CTRIETG24XP	H66404MRC	DTI BRETELLE 4 RJ45	1	OUI
CTRIETG24XP	ECONN6AFS8	CONNECTEUR RJ45 CAT6A GRADE 3T	4	OUI
CTRIETG24XP	S3WN	REPARTITEUR 3 DIRECTION	1	OUI
CTRIETG24XP	EMBCTART250		1	OUI
CTRIETG24XP	EECASA	ETIQUETTE CASANOVA CONNECTED	1	OUI
CTRIETG24XSD	PMFONDV250001	FOND V5 250X250	1	OUI
CTRIETG24XSD	PMCAP250	CAPOT 250 POUR CSMART/START	1	OUI
CTRIETG24XSD	PMVIS001	VIS POUR CAPOT CSTART/SMART	4	OUI
CTRIETG24XSD	PMADH30001	ADAPTATEUR H30 POUR BANDEAU	2	OUI
CTRIETG24XSD	PMADH42001	ADAPTATEUR H42 POUR BANDEAU	2	OUI
CTRIETG24XSD	PMBAND10K001	BANDEAU POUR 10RJ KEYSTONE	1	OUI
CTRIETG24XSD	PFGMMK001	GRILLE DE MASSE	1	OUI
CTRIETG24XSD	PMRAILDIN001	RAIL DIN 250	1	OUI
CTRIETG24XSD	BMT	BORNIER  MISE A LA TERRE	1	OUI
CTRIETG24XSD	FFH3529	STRAPP DE MISE A LA TERRE	1	OUI
CTRIETG24XSD	PMPEDTIO	PIECE MOULEE VOLET PORTE	1	OUI
CTRIETG24XSD	33389	VIS AF PLAST 30° CBX ZN	2	OUI
CTRIETG24XSD	ECONN6AFS8	CONNECTEUR RJ45 CAT6A GRADE 3T	4	OUI
CTRIETG24XSD	EMBCTART250		1	OUI
CTRIETG24XSD	EECASA	ETIQUETTE CASANOVA CONNECTED	1	OUI
CTRIETG3752PCRCSD	PMFONDV375001	FOND V5 375 + PIECE CAVALIER	1	OUI
CTRIETG3752PCRCSD	PMETAG001	ETAGERE POUR COFFRET	1	OUI
CTRIETG3752PCRCSD	PMVIS001	VIS POUR CAPOT CSTART/SMART	2	OUI
CTRIETG3752PCRCSD	PMADH30001	ADAPTATEUR H30 POUR BANDEAU	2	OUI
CTRIETG3752PCRCSD	PMADH42001	ADAPTATEUR H42 POUR BANDEAU	2	OUI
CTRIETG3752PCRCSD	PMBAND10K001	BANDEAU POUR 10RJ KEYSTONE	1	OUI
CTRIETG3752PCRCSD	PFGMMK001	GRILLE DE MASSE	1	OUI
CTRIETG3752PCRCSD	PMRAILDIN001	RAIL DIN 250	1	OUI
CTRIETG3752PCRCSD	BMT	BORNIER  MISE A LA TERRE	1	OUI
CTRIETG3752PCRCSD	FFH3529	STRAPP DE MISE A LA TERRE	1	OUI
CTRIETG3752PCRCSD	PMPEDTIO	PIECE MOULEE VOLET PORTE	1	OUI
CTRIETG3752PCRCSD	PMBAND3PC001	BANDEAU POUR 3PC 45/45	1	OUI
CTRIETG3752PCRCSD	H26001	OBTURATEUR  45X45mm	1	OUI
CTRIETG3752PCRCSD	HPCF001	PRISE 2P+T Ŕ CONNEXION RAPIDE	2	OUI
CTRIETG3752PCRCSD	EMBCSTART250375	EMBALLAGE CSTART 375	1	OUI
CTRIETG3752PCRCSD	EECASA	ETIQUETTE CASANOVA CONNECTED	1	OUI
H10110K001	PMADH42001	ADAPTATEUR H42 POUR BANDEAU	2	OUI
H10110K001	PMBAND10K001	BANDEAU POUR 10RJ KEYSTONE	1	OUI
H10110K001	PFGMMK001	GRILLE DE MASSE	1	OUI
H10110K001	FFH3529	STRAPP DE MISE A LA TERRE	1	OUI
H10110K001	02SP12	BOITE EMBALLAGE KIT* DOM	1	OUI
NEX625SD	PMFONDV250001	FOND V5 250X250	1	OUI
NEX625SD	PMFONDV375001	FOND V5 375 + PIECE CAVALIER	1	OUI
NEX625SD	PMCAP250	CAPOT 250 POUR CSMART/START	1	OUI
NEX625SD	PMETAG001	ETAGERE POUR COFFRET	1	OUI
NEX625SD	PMVIS001	VIS POUR CAPOT CSTART/SMART	6	OUI
NEX625SD	PMADH30001	ADAPTATEUR H30 POUR BANDEAU	2	OUI
NEX625SD	PMADH42001	ADAPTATEUR H42 POUR BANDEAU	2	OUI
NEX625SD	PMBAND10K001	BANDEAU POUR 10RJ KEYSTONE	1	OUI
NEX625SD	PFGMMK001	GRILLE DE MASSE	1	OUI
NEX625SD	PMRAILDIN001	RAIL DIN 250	1	OUI
NEX625SD	BMT	BORNIER  MISE A LA TERRE	1	OUI
NEX625SD	FFH3529	STRAPP DE MISE A LA TERRE	1	OUI
NEX625SD	PMPEDTIO	PIECE MOULEE VOLET PORTE	2	OUI
NEX625SD	33389	VIS AF PLAST 30° CBX ZN	2	OUI
NEX625SD	PMBAND3PC001	BANDEAU POUR 3PC 45/45	1	OUI
NEX625SD	H26001	OBTURATEUR  45X45mm	2	OUI
NEX625SD	HPCF001	PRISE 2P+T Ŕ CONNEXION RAPIDE	1	OUI
NEX625SD	ECONN6AFS8	CONNECTEUR RJ45 CAT6A GRADE 3T	4	OUI
NEX625SD	H66203C	REPARTITEUR 3 DIRECTION CAPUCHON	1	OUI
NEX625SD	CORDBALRJF040C	CORDON BALUN RJ45 FICHE F COUD	1	OUI
NEX625SD	EMBCSTART625	EMBALLAGE CSTART 625	1	OUI
NEX625SD	EENEX	ETIQUETTE nexity	2	OUI
NEX625	PMFONDV250001	FOND V5 250X250	1	OUI
NEX625	PMFONDV375001	FOND V5 375 + PIECE CAVALIER	1	OUI
NEX625	PMCAP250	CAPOT 250 POUR CSMART/START	1	OUI
NEX625	PMETAG001	ETAGERE POUR COFFRET	1	OUI
NEX625	PMVIS001	VIS POUR CAPOT CSTART/SMART	6	OUI
NEX625	PMADH30001	ADAPTATEUR H30 POUR BANDEAU	2	OUI
NEX625	PMADH42001	ADAPTATEUR H42 POUR BANDEAU	2	OUI
NEX625	PMBAND10K001	BANDEAU POUR 10RJ KEYSTONE	1	OUI
NEX625	PFGMMK001	GRILLE DE MASSE	1	OUI
NEX625	PMRAILDIN001	RAIL DIN 250	1	OUI
NEX625	PMMK001	SUPPORT HNI	1	OUI
NEX625	BMT	BORNIER  MISE A LA TERRE	1	OUI
NEX625	FFH3529	STRAPP DE MISE A LA TERRE	1	OUI
NEX625	PMPEDTIO	PIECE MOULEE VOLET PORTE	2	OUI
NEX625	33389	VIS AF PLAST 30° CBX ZN	2	OUI
NEX625	PMBAND3PC001	BANDEAU POUR 3PC 45/45	1	OUI
NEX625	H26001	OBTURATEUR  45X45mm	2	OUI
NEX625	HPCF001	PRISE 2P+T Ŕ CONNEXION RAPIDE	1	OUI
NEX625	H66445RJ11MRC	DTI  1 RJ45/1RJ11	1	OUI
NEX625	ECONN6AFS8	CONNECTEUR RJ45 CAT6A GRADE 3T	4	OUI
NEX625	H66203C	REPARTITEUR 3 DIRECTION CAPUCHON	1	OUI
NEX625	CORDBALRJF040C	CORDON BALUN RJ45 FICHE F COUD	1	OUI
NEX625	EMBCSTART625	EMBALLAGE CSTART 625	1	OUI
NEX625	EENEX	ETIQUETTE nexity	2	OUI
ZA250	PMFONDV250001	FOND V5 250X250	1	OUI
ZA250	PMETAG001	ETAGERE POUR COFFRET	1	OUI
ZA250	PMVIS001	VIS POUR CAPOT CSTART/SMART	2	OUI
ZA250	PMPEDTIO	PIECE MOULEE VOLET PORTE	1	OUI
ZA250	PMBAND3PC001	BANDEAU POUR 3PC 45/45	1	OUI
ZA250	H26001	OBTURATEUR  45X45mm	2	OUI
ZA250	HPCF001	PRISE 2P+T Ŕ CONNEXION RAPIDE	1	OUI
ZA250	EMBCTART250		1	OUI
ZA250	EECASA	ETIQUETTE CASANOVA CONNECTED	1	OUI
ZA375	PMFONDV375001	FOND V5 375 + PIECE CAVALIER	1	OUI
ZA375	PMETAG001	ETAGERE POUR COFFRET	1	OUI
ZA375	PMVIS001	VIS POUR CAPOT CSTART/SMART	2	OUI
ZA375	PMPEDTIO	PIECE MOULEE VOLET PORTE	1	OUI
ZA375	PMBAND3PC001	BANDEAU POUR 3PC 45/45	1	OUI
ZA375	H26001	OBTURATEUR  45X45mm	2	OUI
ZA375	HPCF001	PRISE 2P+T Ŕ CONNEXION RAPIDE	1	OUI
ZA375	EMBCSTART250375	EMBALLAGE CSTART 375	1	OUI
ZA375	EECASA	ETIQUETTE CASANOVA CONNECTED	1	OUI
ZA375C ZA3752PCRC 3PCRC	PMFONDV375001	FOND V5 375 + PIECE CAVALIER	2	OUI
ZA375C ZA3752PCRC 3PCRC	PMCAP375	CAPOT 375 POUR CSMART/START	1	OUI
ZA375C ZA3752PCRC 3PCRC	PMVIS001	VIS POUR CAPOT CSTART/SMART	4	OUI
ZA375C ZA3752PCRC 3PCRC	PMPEDTIO	PIECE MOULEE VOLET PORTE	1	OUI
ZA375C ZA3752PCRC 3PCRC	H101012PCR	BANDEAU 2PC RACCORDEES	1	OUI
ZA375C ZA3752PCRC 3PCRC	EECASA	ETIQUETTE CASANOVA CONNECTED	1	OUI
ZA375FI	PMFONDV375001	FOND V5 375 + PIECE CAVALIER	2	OUI
ZA375FI	PMETAG001	ETAGERE POUR COFFRET	2	OUI
ZA375FI	PMVIS001	VIS POUR CAPOT CSTART/SMART	4	OUI
ZA375FI	PMPEDTIO	PIECE MOULEE VOLET PORTE	2	OUI
ZA375FI	PMBAND3PC001	BANDEAU POUR 3PC 45/45	2	OUI
ZA375FI	HPCF001	PRISE 2P+T Ŕ CONNEXION RAPIDE	2	OUI
ZA375FI	EMBCSTART250375	EMBALLAGE CSTART 375	1	OUI
ZA375FI	EECASA	ETIQUETTE CASANOVA CONNECTED	2	OUI
CST375G3SNIE	PMFONDV375001	FOND V5 375 + PIECE CAVALIER	1	OUI
CST375G3SNIE	PMCAP375	CAPOT 375 POUR CSMART/START	1	OUI
CST375G3SNIE	PMPO375	PORTE 375 ABS V0	1	OUI
CST375G3SNIE	PMDC001	DEMI CHARNIERE POUR PORTE	2	OUI
CST375G3SNIE	PMLOGOEM	ROND DECO SANS LOGO	1	OUI
CST375G3SNIE	PMVIS001	VIS POUR CAPOT CSTART/SMART	4	OUI
CST375G3SNIE	PMADH30001	ADAPTATEUR H30 POUR BANDEAU	2	OUI
CST375G3SNIE	PMADH42001	ADAPTATEUR H42 POUR BANDEAU	2	OUI
CST375G3SNIE	PMBAND10K001	BANDEAU POUR 10RJ KEYSTONE	1	OUI
CST375G3SNIE	PFGMMK001	GRILLE DE MASSE	1	OUI
CST375G3SNIE	PMRAILDIN001	RAIL DIN 250	1	OUI
CST375G3SNIE	BMT	BORNIER  MISE A LA TERRE	1	OUI
CST375G3SNIE	FFH3529	STRAPP DE MISE A LA TERRE	1	OUI
CST375G3SNIE	FF6MM	STRAPP DE TERRE 6MM2	1	OUI
CST375G3SNIE	PMPEDTIO	PIECE MOULEE VOLET PORTE	1	OUI
CST375G3SNIE	H101012PCR	BANDEAU 2PC RACCORDEES	1	OUI
CST375G3SNIE	EMBCSTART250375	EMBALLAGE CSTART 375	1	OUI
CST375G3SNIE	EEPESNIE	ETIQUETTE SNIE POUR PMPEDTIO	1	OUI
CST375G3SNIE	EENTSNIE	QR CODE NOTICE SNIE	1	OUI
CST375G3SNIE	EEH31000	BANDE ETIQUETTES 120*120	1	OUI
CST375G3SNIE	EESNIE	PASTILLE SNIE POUR TRI	1	OUI
CST375G3SNIESP	PMFONDV375001	FOND V5 375 + PIECE CAVALIER	1	OUI
CST375G3SNIESP	PMCAP375	CAPOT 375 POUR CSMART/START	1	OUI
CST375G3SNIESP	PMVIS001	VIS POUR CAPOT CSTART/SMART	4	OUI
CST375G3SNIESP	PMADH30001	ADAPTATEUR H30 POUR BANDEAU	2	OUI
CST375G3SNIESP	PMADH42001	ADAPTATEUR H42 POUR BANDEAU	2	OUI
CST375G3SNIESP	PMBAND10K001	BANDEAU POUR 10RJ KEYSTONE	1	OUI
CST375G3SNIESP	PFGMMK001	GRILLE DE MASSE	1	OUI
CST375G3SNIESP	PMRAILDIN001	RAIL DIN 250	2	OUI
CST375G3SNIESP	BMT	BORNIER  MISE A LA TERRE	1	OUI
CST375G3SNIESP	FFH3529	STRAPP DE MISE A LA TERRE	1	OUI
CST375G3SNIESP	FF6MM	STRAPP DE TERRE 6MM2	1	OUI
CST375G3SNIESP	PMPEDTIO	PIECE MOULEE VOLET PORTE	1	OUI
CST375G3SNIESP	CSSCD10102AEGIDE		1	OUI
CST375G3SNIESP	EMBCSTART250375	EMBALLAGE CSTART 375	1	OUI
CST375G3SNIESP	EEPESNIE	ETIQUETTE SNIE POUR PMPEDTIO	1	OUI
CST375G3SNIESP	EENTSNIE	QR CODE NOTICE SNIE	1	OUI
CST375G3SNIESP	EEH31000	BANDE ETIQUETTES 120*120	1	OUI
CC625SN	PMFONDV250001	FOND V5 250X250	1	OUI
CC625SN	PMFONDV375001	FOND V5 375 + PIECE CAVALIER	1	OUI
CC625SN	PMCAP250	CAPOT 250 POUR CSMART/START	1	OUI
CC625SN	PMETAG001	ETAGERE POUR COFFRET	1	OUI
CC625SN	PMVIS001	VIS POUR CAPOT CSTART/SMART	6	OUI
CC625SN	PMADH30001	ADAPTATEUR H30 POUR BANDEAU	2	OUI
CC625SN	PMADH42001	ADAPTATEUR H42 POUR BANDEAU	2	OUI
CC625SN	PMBAND10K001	BANDEAU POUR 10RJ KEYSTONE	1	OUI
CC625SN	PFGMMK001	GRILLE DE MASSE	1	OUI
CC625SN	PMRAILDIN001	RAIL DIN 250	1	OUI
CC625SN	BMT	BORNIER  MISE A LA TERRE	1	OUI
CC625SN	FFH3529	STRAPP DE MISE A LA TERRE	1	OUI
CC625SN	FF6MM	STRAPP DE TERRE 6MM2	1	OUI
CC625SN	PMPEDTIO	PIECE MOULEE VOLET PORTE	2	OUI
CC625SN	33389	VIS AF PLAST 30° CBX ZN	4	OUI
CC625SN	H101012PCR	BANDEAU 2PC RACCORDEES	1	OUI
CC625SN	S2WN	REPARTITEUR UBL 2 DIRECTION	1	OUI
CC625SN	CORDBALRJF040C	CORDON BALUN RJ45 FICHE F COUD	2	OUI
CC625SN	EMBCSTART625	EMBALLAGE CSTART 625	1	OUI
CC625SN	EENTSNIE	QR CODE NOTICE SNIE	1	OUI
CC625SN	EEH31000	BANDE ETIQUETTES 120*120	1	OUI
CC625SN	EECASA	ETIQUETTE CASANOVA CONNECTED	4	OUI
CST625T1DOMFF	PMFONDV250001	FOND V5 250X250	1	OUI
CST625T1DOMFF	PMFONDV375001	FOND V5 375 + PIECE CAVALIER	1	OUI
CST625T1DOMFF	PMETAG001	ETAGERE POUR COFFRET	1	OUI
CST625T1DOMFF	PMVIS001	VIS POUR CAPOT CSTART/SMART	2	OUI
CST625T1DOMFF	PMADH42001	ADAPTATEUR H42 POUR BANDEAU	4	OUI
CST625T1DOMFF	PMBAND10K001	BANDEAU POUR 10RJ KEYSTONE	1	OUI
CST625T1DOMFF	PFGMMK001	GRILLE DE MASSE	1	OUI
CST625T1DOMFF	PMRAILDIN001	RAIL DIN 250	4	OUI
CST625T1DOMFF	BMT	BORNIER  MISE A LA TERRE	1	OUI
CST625T1DOMFF	FFH3529	STRAPP DE MISE A LA TERRE	1	OUI
CST625T1DOMFF	PMPEDTIO	PIECE MOULEE VOLET PORTE	2	OUI
CST625T1DOMFF	33389	VIS AF PLAST 30° CBX ZN	2	OUI
CST625T1DOMFF	PMBAND3PC001	BANDEAU POUR 3PC 45/45	2	OUI
CST625T1DOMFF	H26001	OBTURATEUR  45X45mm	2	OUI
CST625T1DOMFF	HPCF001	PRISE 2P+T Ŕ CONNEXION RAPIDE	4	OUI
CST625T1DOMFF	ECONN6AFS8	CONNECTEUR RJ45 CAT6A GRADE 3T	6	OUI
CST625T1DOMFF	EMBCSTART625	EMBALLAGE CSTART 625	1	OUI
CST625T1DOMFF	NTCST625T123FFDOM	NOTICE INSTAL DOMITYS	1	OUI
CST625T1DOMFF	EECASA	ETIQUETTE CASANOVA CONNECTED	2	OUI
CST625T2DOMFF	PMFONDV250001	FOND V5 250X250	1	OUI
CST625T2DOMFF	PMFONDV375001	FOND V5 375 + PIECE CAVALIER	1	OUI
CST625T2DOMFF	PMETAG001	ETAGERE POUR COFFRET	1	OUI
CST625T2DOMFF	PMVIS001	VIS POUR CAPOT CSTART/SMART	2	OUI
CST625T2DOMFF	PMADH42001	ADAPTATEUR H42 POUR BANDEAU	4	OUI
CST625T2DOMFF	PMBAND10K001	BANDEAU POUR 10RJ KEYSTONE	1	OUI
CST625T2DOMFF	PFGMMK001	GRILLE DE MASSE	1	OUI
CST625T2DOMFF	PMRAILDIN001	RAIL DIN 250	4	OUI
CST625T2DOMFF	BMT	BORNIER  MISE A LA TERRE	1	OUI
CST625T2DOMFF	FFH3529	STRAPP DE MISE A LA TERRE	1	OUI
CST625T2DOMFF	PMPEDTIO	PIECE MOULEE VOLET PORTE	2	OUI
CST625T2DOMFF	33389	VIS AF PLAST 30° CBX ZN	2	OUI
CST625T2DOMFF	PMBAND3PC001	BANDEAU POUR 3PC 45/45	2	OUI
CST625T2DOMFF	H26001	OBTURATEUR  45X45mm	2	OUI
CST625T2DOMFF	HPCF001	PRISE 2P+T Ŕ CONNEXION RAPIDE	4	OUI
CST625T2DOMFF	ECONN6AFS8	CONNECTEUR RJ45 CAT6A GRADE 3T	8	OUI
CST625T2DOMFF	EMBCSTART625	EMBALLAGE CSTART 625	1	OUI
CST625T2DOMFF	NTCST625T123FFDOM	NOTICE INSTAL DOMITYS	1	OUI
CST625T2DOMFF	EECASA	ETIQUETTE CASANOVA CONNECTED	2	OUI
CST625T3DOMFF	PMFONDV250001	FOND V5 250X250	1	OUI
CST625T3DOMFF	PMFONDV375001	FOND V5 375 + PIECE CAVALIER	1	OUI
CST625T3DOMFF	PMETAG001	ETAGERE POUR COFFRET	1	OUI
CST625T3DOMFF	PMVIS001	VIS POUR CAPOT CSTART/SMART	2	OUI
CST625T3DOMFF	PMADH42001	ADAPTATEUR H42 POUR BANDEAU	4	OUI
CST625T3DOMFF	PMBAND10K001	BANDEAU POUR 10RJ KEYSTONE	1	OUI
CST625T3DOMFF	PFGMMK001	GRILLE DE MASSE	1	OUI
CST625T3DOMFF	PMRAILDIN001	RAIL DIN 250	4	OUI
CST625T3DOMFF	BMT	BORNIER  MISE A LA TERRE	1	OUI
CST625T3DOMFF	FFH3529	STRAPP DE MISE A LA TERRE	1	OUI
CST625T3DOMFF	PMPEDTIO	PIECE MOULEE VOLET PORTE	2	OUI
CST625T3DOMFF	33389	VIS AF PLAST 30° CBX ZN	2	OUI
CST625T3DOMFF	PMBAND3PC001	BANDEAU POUR 3PC 45/45	2	OUI
CST625T3DOMFF	H26001	OBTURATEUR  45X45mm	2	OUI
CST625T3DOMFF	HPCF001	PRISE 2P+T Ŕ CONNEXION RAPIDE	4	OUI
CST625T3DOMFF	ECONN6AFS8	CONNECTEUR RJ45 CAT6A GRADE 3T	10	OUI
CST625T3DOMFF	EMBCSTART625	EMBALLAGE CSTART 625	1	OUI
CST625T3DOMFF	NTCST625T123FFDOM	NOTICE INSTAL DOMITYS	1	OUI
CST625T3DOMFF	EECASA	ETIQUETTE CASANOVA CONNECTED	2	OUI
CST625T1DOMFF FR	PMFONDV250001	FOND V5 250X250	1	OUI
CST625T1DOMFF FR	PMFONDV375001	FOND V5 375 + PIECE CAVALIER	1	OUI
CST625T1DOMFF FR	PMETAG001	ETAGERE POUR COFFRET	1	OUI
CST625T1DOMFF FR	PMVIS001	VIS POUR CAPOT CSTART/SMART	2	OUI
CST625T1DOMFF FR	PMADH42001	ADAPTATEUR H42 POUR BANDEAU	4	OUI
CST625T1DOMFF FR	PMBAND10K001	BANDEAU POUR 10RJ KEYSTONE	1	OUI
CST625T1DOMFF FR	PFGMMK001	GRILLE DE MASSE	1	OUI
CST625T1DOMFF FR	PMRAILDIN001	RAIL DIN 250	4	OUI
CST625T1DOMFF FR	BMT	BORNIER  MISE A LA TERRE	1	OUI
CST625T1DOMFF FR	FFH3529	STRAPP DE MISE A LA TERRE	1	OUI
CST625T1DOMFF FR	PMPEDTIO	PIECE MOULEE VOLET PORTE	2	OUI
CST625T1DOMFF FR	33389	VIS AF PLAST 30° CBX ZN	2	OUI
CST625T1DOMFF FR	HPCF001	PRISE 2P+T Ŕ CONNEXION RAPIDE	2	OUI
CST625T1DOMFF FR	ECONN6AFS8	CONNECTEUR RJ45 CAT6A GRADE 3T	6	OUI
CST625T1DOMFF FR	EMBCSTART625	EMBALLAGE CSTART 625	1	OUI
CST625T1DOMFF FR	NTCST625T123FFDOM	NOTICE INSTAL DOMITYS	1	OUI
CST625T1DOMFF FR	EECASA	ETIQUETTE CASANOVA CONNECTED	2	OUI
CST625T2DOMFFR	PMFONDV250001	FOND V5 250X250	1	OUI
CST625T2DOMFFR	PMFONDV375001	FOND V5 375 + PIECE CAVALIER	1	OUI
CST625T2DOMFFR	PMETAG001	ETAGERE POUR COFFRET	1	OUI
CST625T2DOMFFR	PMVIS001	VIS POUR CAPOT CSTART/SMART	2	OUI
CST625T2DOMFFR	PMADH42001	ADAPTATEUR H42 POUR BANDEAU	4	OUI
CST625T2DOMFFR	PMBAND10K001	BANDEAU POUR 10RJ KEYSTONE	1	OUI
CST625T2DOMFFR	PFGMMK001	GRILLE DE MASSE	1	OUI
CST625T2DOMFFR	PMRAILDIN001	RAIL DIN 250	4	OUI
CST625T2DOMFFR	BMT	BORNIER  MISE A LA TERRE	1	OUI
CST625T2DOMFFR	FFH3529	STRAPP DE MISE A LA TERRE	1	OUI
CST625T2DOMFFR	PMPEDTIO	PIECE MOULEE VOLET PORTE	2	OUI
CST625T2DOMFFR	33389	VIS AF PLAST 30° CBX ZN	2	OUI
CST625T2DOMFFR	CSSCD10102AEGIDE		2	OUI
CST625T2DOMFFR	ECONN6AFS8	CONNECTEUR RJ45 CAT6A GRADE 3T	8	OUI
CST625T2DOMFFR	EMBCSTART625	EMBALLAGE CSTART 625	1	OUI
CST625T2DOMFFR	NTCST625T123FFDOM	NOTICE INSTAL DOMITYS	1	OUI
CST625T2DOMFFR	EECASA	ETIQUETTE CASANOVA CONNECTED	2	OUI
CST625T3DOMFFR	PMFONDV250001	FOND V5 250X250	1	OUI
CST625T3DOMFFR	PMFONDV375001	FOND V5 375 + PIECE CAVALIER	1	OUI
CST625T3DOMFFR	PMETAG001	ETAGERE POUR COFFRET	1	OUI
CST625T3DOMFFR	PMVIS001	VIS POUR CAPOT CSTART/SMART	2	OUI
CST625T3DOMFFR	PMADH42001	ADAPTATEUR H42 POUR BANDEAU	4	OUI
CST625T3DOMFFR	PMBAND10K001	BANDEAU POUR 10RJ KEYSTONE	1	OUI
CST625T3DOMFFR	PFGMMK001	GRILLE DE MASSE	1	OUI
CST625T3DOMFFR	PMRAILDIN001	RAIL DIN 250	4	OUI
CST625T3DOMFFR	BMT	BORNIER  MISE A LA TERRE	1	OUI
CST625T3DOMFFR	FFH3529	STRAPP DE MISE A LA TERRE	1	OUI
CST625T3DOMFFR	PMPEDTIO	PIECE MOULEE VOLET PORTE	2	OUI
CST625T3DOMFFR	33389	VIS AF PLAST 30° CBX ZN	2	OUI
CST625T3DOMFFR	CSSCD10102AEGIDE		2	OUI
CST625T3DOMFFR	ECONN6AFS8	CONNECTEUR RJ45 CAT6A GRADE 3T	10	OUI
CST625T3DOMFFR	EMBCSTART625	EMBALLAGE CSTART 625	1	OUI
CST625T3DOMFFR	NTCST625T123FFDOM	NOTICE INSTAL DOMITYS	1	OUI
CST625T3DOMFFR	EECASA	ETIQUETTE CASANOVA CONNECTED	2	OUI
KADOM21	CORDFFMALE040	CORDON F MALE / F MALE 40CM	1	OUI
KADOM21	02SP12	BOITE EMBALLAGE KIT* DOM	1	OUI
KADOM21	H18003TNTSAT	AMPLI DISTRIBUTEUR TV ACTIF - HNI MU	1	OUI
KADOM21	RO68CWD	RECEPTEUR OPT CATV SC/APC	1	OUI
KBT1DOM	33389	VIS AF PLAST 30° CBX ZN	2	OUI
KBT1DOM	H59250IECRJ45	CORDON  RJ 45 IEC MALE	1	OUI
KBT1DOM	858467	CORDON LAN CAT 6A 0,5M rouge	1	OUI
KBT1DOM	858435	CORDON LAN CAT 6A 0,5M vert	1	OUI
KBT1DOM	FISM1XSASC10	JARRETIERE OPTIQUE  9/125 SC/A	1	OUI
KBT1DOM	H65001N030	CORDON RJ11/RJ45 LIGNE 1	1	OUI
KBT1DOM	02SP12	BOITE EMBALLAGE KIT* DOM	1	OUI
KBT1DOM	ASBNEA4501CP	CLIP REHAUSSEUR DIN  ŕ l'unité	2	OUI
KBT23DOM	33389	VIS AF PLAST 30° CBX ZN	2	OUI
KBT23DOM	H59250IECRJ45	CORDON  RJ 45 IEC MALE	2	OUI
KBT23DOM	CORD6ASF005MSH	CORDON CAT6A S/FTP 0.5M ZH	2	OUI
KBT23DOM	FISM1XSASA10	JARRETIERE OPTIQUE  9/125 SC/A	1	OUI
KBT23DOM	858467	CORDON LAN CAT 6A 0,5M rouge	1	OUI
KBT23DOM	858435	CORDON LAN CAT 6A 0,5M vert	2	OUI
KBT23DOM	FISM1XSASC10	JARRETIERE OPTIQUE  9/125 SC/A	1	OUI
KBT23DOM	H65001N030	CORDON RJ11/RJ45 LIGNE 1	1	OUI
KBT23DOM	02SP17	BOITE D EMBALLAGE H01100S DOM	1	OUI
KBT23DOM	ASBNEA4501CP	CLIP REHAUSSEUR DIN  ŕ l'unité	2	OUI
CSTCOIFFE375P	PMCAP375	CAPOT 375 POUR CSMART/START	1	OUI
CSTCOIFFE375P	PMPO375	PORTE 375 ABS V0	1	OUI
CSTCOIFFE375P	PMDC001	DEMI CHARNIERE POUR PORTE	2	OUI
CSTCOIFFE375P	PMLOGAT001	ROND DECO AVEC LOGO @	1	OUI
CSTCOIFFE375P	PMVIS001	VIS POUR CAPOT CSTART/SMART	4	OUI
CSTCOIFFE375P	EMBCSTART250375	EMBALLAGE CSTART 375	1	OUI
				OUI
				OUI
				OUI
				OUI
				OUI
				OUI
				OUI
				OUI
				OUI
				OUI
				OUI
				OUI
				OUI
				OUI
				OUI
				OUI
				OUI
				OUI
				OUI
				OUI
				OUI
				OUI
				OUI
				OUI
				OUI
				OUI
				OUI
				OUI
				OUI
				OUI
				OUI
				OUI
				OUI
				OUI
				OUI
				OUI
				OUI
				OUI
				OUI
				OUI
				OUI
				OUI
				OUI
				OUI
				OUI
				OUI
				OUI
				OUI
				OUI
				OUI
				OUI
				OUI
				OUI
				OUI
				OUI
				OUI
				OUI
				OUI
				OUI
				OUI
				OUI
				OUI
				OUI
				OUI
				OUI
				OUI
				OUI
				OUI
				OUI
				OUI
				OUI
				OUI
				OUI
				OUI
				OUI
				OUI
				OUI
				OUI
				OUI
				OUI
				OUI
				OUI
				OUI
				OUI
				OUI
				OUI
				OUI
				OUI
				OUI
				OUI
				OUI
				OUI
				OUI
				OUI
				OUI
				OUI
				OUI
				OUI
				OUI
				OUI
				OUI
				OUI
				OUI
				OUI
				OUI
				OUI
				OUI
				OUI
				OUI
				OUI
				OUI
				OUI
				OUI
				OUI
				OUI
				OUI
				OUI
				OUI
				OUI
				OUI
				OUI
				OUI
				OUI
				OUI
				OUI
				OUI
				OUI
				OUI
				OUI
				OUI
				OUI
				OUI
				OUI
				OUI
				OUI
				OUI
				OUI
				OUI
				OUI
				OUI
				OUI
				OUI
				OUI
				OUI
				OUI
				OUI
				OUI
				OUI
				OUI
				OUI
				OUI
				OUI
				OUI
				OUI
				OUI
				OUI
				OUI
				OUI
				OUI
				OUI
				OUI
				OUI
				OUI
				OUI
				OUI
				OUI
				OUI
				OUI
				OUI
				OUI
				OUI
				OUI
				OUI
				OUI
				OUI
				OUI
				OUI
				OUI
				OUI
				OUI
				OUI
				OUI
				OUI
				OUI
				OUI
				OUI
				OUI
				OUI
				OUI
				OUI
				OUI
				OUI
				OUI
				OUI
				OUI
				OUI
				OUI
				OUI
				OUI
				OUI
				OUI
				OUI
				OUI
				OUI
				OUI
				OUI
				OUI
				OUI
				OUI
				OUI
				OUI
				OUI
				OUI
				OUI
				OUI
				OUI
				OUI
				OUI
				OUI
				OUI
				OUI
				OUI
				OUI
				OUI
				OUI
				OUI
				OUI
				OUI
				OUI
				OUI
				OUI
				OUI
				OUI
				OUI
				OUI
				OUI
				OUI
				OUI
				OUI
				OUI
				OUI
				OUI
				OUI
				OUI
				OUI
				OUI
				OUI
				OUI
				OUI
				OUI
				OUI
				OUI
				OUI
				OUI
				OUI
				OUI
				OUI
				OUI
				OUI
				OUI
				OUI
				OUI
				OUI
				OUI
				OUI
				OUI
				OUI
				OUI
				OUI
				OUI
				OUI
				OUI
				OUI
				OUI
				OUI
				OUI
				OUI
				OUI
				OUI
				OUI
				OUI
				OUI
				OUI
				OUI
				OUI
				OUI
				OUI
				OUI
				OUI
				OUI
				OUI
				OUI
				OUI
				OUI
				OUI
				OUI
				OUI
				OUI
				OUI
				OUI
